Month,TagName,
"2008-07-01 00:00:00","c#","3"
"2008-07-01 00:00:00","html","1"
"2008-08-01 00:00:00","android","4"
"2008-08-01 00:00:00","c#","513"
"2008-08-01 00:00:00","c++","164"
"2008-08-01 00:00:00","html","111"
"2008-08-01 00:00:00","ios","9"
"2008-08-01 00:00:00","java","220"
"2008-08-01 00:00:00","javascript","161"
"2008-08-01 00:00:00","jquery","28"
"2008-08-01 00:00:00","php","162"
"2008-08-01 00:00:00","python","124"
"2008-09-01 00:00:00","android","9"
"2008-09-01 00:00:00","c#","1650"
"2008-09-01 00:00:00","c++","757"
"2008-09-01 00:00:00","html","327"
"2008-09-01 00:00:00","ios","17"
"2008-09-01 00:00:00","java","1138"
"2008-09-01 00:00:00","javascript","640"
"2008-09-01 00:00:00","jquery","137"
"2008-09-01 00:00:00","php","483"
"2008-09-01 00:00:00","python","543"
"2008-10-01 00:00:00","android","11"
"2008-10-01 00:00:00","c#","1990"
"2008-10-01 00:00:00","c++","813"
"2008-10-01 00:00:00","html","330"
"2008-10-01 00:00:00","ios","27"
"2008-10-01 00:00:00","java","1152"
"2008-10-01 00:00:00","javascript","725"
"2008-10-01 00:00:00","jquery","259"
"2008-10-01 00:00:00","php","620"
"2008-10-01 00:00:00","python","511"
"2008-11-01 00:00:00","android","8"
"2008-11-01 00:00:00","c#","1731"
"2008-11-01 00:00:00","c++","737"
"2008-11-01 00:00:00","html","326"
"2008-11-01 00:00:00","ios","31"
"2008-11-01 00:00:00","java","959"
"2008-11-01 00:00:00","javascript","579"
"2008-11-01 00:00:00","jquery","264"
"2008-11-01 00:00:00","php","504"
"2008-11-01 00:00:00","python","453"
"2008-12-01 00:00:00","android","6"
"2008-12-01 00:00:00","c#","1594"
"2008-12-01 00:00:00","c++","632"
"2008-12-01 00:00:00","html","305"
"2008-12-01 00:00:00","ios","28"
"2008-12-01 00:00:00","java","832"
"2008-12-01 00:00:00","javascript","626"
"2008-12-01 00:00:00","jquery","263"
"2008-12-01 00:00:00","php","480"
"2008-12-01 00:00:00","python","441"
"2009-01-01 00:00:00","android","33"
"2009-01-01 00:00:00","c#","2376"
"2009-01-01 00:00:00","c++","853"
"2009-01-01 00:00:00","html","407"
"2009-01-01 00:00:00","ios","47"
"2009-01-01 00:00:00","java","1152"
"2009-01-01 00:00:00","javascript","791"
"2009-01-01 00:00:00","jquery","383"
"2009-01-01 00:00:00","php","637"
"2009-01-01 00:00:00","python","631"
"2009-02-01 00:00:00","android","48"
"2009-02-01 00:00:00","c#","2597"
"2009-02-01 00:00:00","c++","846"
"2009-02-01 00:00:00","html","475"
"2009-02-01 00:00:00","ios","47"
"2009-02-01 00:00:00","java","1207"
"2009-02-01 00:00:00","javascript","949"
"2009-02-01 00:00:00","jquery","506"
"2009-02-01 00:00:00","php","769"
"2009-02-01 00:00:00","python","631"
"2009-03-01 00:00:00","android","49"
"2009-03-01 00:00:00","c#","3162"
"2009-03-01 00:00:00","c++","1056"
"2009-03-01 00:00:00","html","519"
"2009-03-01 00:00:00","ios","36"
"2009-03-01 00:00:00","java","1441"
"2009-03-01 00:00:00","javascript","1006"
"2009-03-01 00:00:00","jquery","573"
"2009-03-01 00:00:00","php","904"
"2009-03-01 00:00:00","python","765"
"2009-04-01 00:00:00","android","48"
"2009-04-01 00:00:00","c#","3322"
"2009-04-01 00:00:00","c++","1023"
"2009-04-01 00:00:00","html","521"
"2009-04-01 00:00:00","ios","44"
"2009-04-01 00:00:00","java","1535"
"2009-04-01 00:00:00","javascript","1049"
"2009-04-01 00:00:00","jquery","703"
"2009-04-01 00:00:00","php","968"
"2009-04-01 00:00:00","python","768"
"2009-05-01 00:00:00","android","74"
"2009-05-01 00:00:00","c#","3561"
"2009-05-01 00:00:00","c++","1219"
"2009-05-01 00:00:00","html","669"
"2009-05-01 00:00:00","ios","57"
"2009-05-01 00:00:00","java","1823"
"2009-05-01 00:00:00","javascript","1433"
"2009-05-01 00:00:00","jquery","951"
"2009-05-01 00:00:00","php","1184"
"2009-05-01 00:00:00","python","1003"
"2009-06-01 00:00:00","android","128"
"2009-06-01 00:00:00","c#","3886"
"2009-06-01 00:00:00","c++","1253"
"2009-06-01 00:00:00","html","747"
"2009-06-01 00:00:00","ios","67"
"2009-06-01 00:00:00","java","2117"
"2009-06-01 00:00:00","javascript","1556"
"2009-06-01 00:00:00","jquery","1166"
"2009-06-01 00:00:00","php","1580"
"2009-06-01 00:00:00","python","1046"
"2009-07-01 00:00:00","android","166"
"2009-07-01 00:00:00","c#","4409"
"2009-07-01 00:00:00","c++","1467"
"2009-07-01 00:00:00","html","962"
"2009-07-01 00:00:00","ios","70"
"2009-07-01 00:00:00","java","2266"
"2009-07-01 00:00:00","javascript","1751"
"2009-07-01 00:00:00","jquery","1388"
"2009-07-01 00:00:00","php","2035"
"2009-07-01 00:00:00","python","1163"
"2009-08-01 00:00:00","android","163"
"2009-08-01 00:00:00","c#","4459"
"2009-08-01 00:00:00","c++","1403"
"2009-08-01 00:00:00","html","973"
"2009-08-01 00:00:00","ios","74"
"2009-08-01 00:00:00","java","2194"
"2009-08-01 00:00:00","javascript","1858"
"2009-08-01 00:00:00","jquery","1626"
"2009-08-01 00:00:00","php","2189"
"2009-08-01 00:00:00","python","1141"
"2009-09-01 00:00:00","android","191"
"2009-09-01 00:00:00","c#","4358"
"2009-09-01 00:00:00","c++","1466"
"2009-09-01 00:00:00","html","916"
"2009-09-01 00:00:00","ios","76"
"2009-09-01 00:00:00","java","2266"
"2009-09-01 00:00:00","javascript","1748"
"2009-09-01 00:00:00","jquery","1642"
"2009-09-01 00:00:00","php","2270"
"2009-09-01 00:00:00","python","1168"
"2009-10-01 00:00:00","android","251"
"2009-10-01 00:00:00","c#","4727"
"2009-10-01 00:00:00","c++","1689"
"2009-10-01 00:00:00","html","972"
"2009-10-01 00:00:00","ios","90"
"2009-10-01 00:00:00","java","2508"
"2009-10-01 00:00:00","javascript","2042"
"2009-10-01 00:00:00","jquery","1799"
"2009-10-01 00:00:00","php","2367"
"2009-10-01 00:00:00","python","1423"
"2009-11-01 00:00:00","android","301"
"2009-11-01 00:00:00","c#","4681"
"2009-11-01 00:00:00","c++","1757"
"2009-11-01 00:00:00","html","1093"
"2009-11-01 00:00:00","ios","66"
"2009-11-01 00:00:00","java","2763"
"2009-11-01 00:00:00","javascript","2228"
"2009-11-01 00:00:00","jquery","1829"
"2009-11-01 00:00:00","php","2692"
"2009-11-01 00:00:00","python","1560"
"2009-12-01 00:00:00","android","537"
"2009-12-01 00:00:00","c#","4496"
"2009-12-01 00:00:00","c++","1659"
"2009-12-01 00:00:00","html","1121"
"2009-12-01 00:00:00","ios","72"
"2009-12-01 00:00:00","java","2691"
"2009-12-01 00:00:00","javascript","2305"
"2009-12-01 00:00:00","jquery","1902"
"2009-12-01 00:00:00","php","2831"
"2009-12-01 00:00:00","python","1590"
"2010-01-01 00:00:00","android","950"
"2010-01-01 00:00:00","c#","5121"
"2010-01-01 00:00:00","c++","2004"
"2010-01-01 00:00:00","html","1394"
"2010-01-01 00:00:00","ios","79"
"2010-01-01 00:00:00","java","3732"
"2010-01-01 00:00:00","javascript","2618"
"2010-01-01 00:00:00","jquery","2340"
"2010-01-01 00:00:00","php","3444"
"2010-01-01 00:00:00","python","1952"
"2010-02-01 00:00:00","android","1061"
"2010-02-01 00:00:00","c#","5105"
"2010-02-01 00:00:00","c++","2277"
"2010-02-01 00:00:00","html","1282"
"2010-02-01 00:00:00","ios","107"
"2010-02-01 00:00:00","java","3584"
"2010-02-01 00:00:00","javascript","2632"
"2010-02-01 00:00:00","jquery","2339"
"2010-02-01 00:00:00","php","3170"
"2010-02-01 00:00:00","python","1867"
"2010-03-01 00:00:00","android","1293"
"2010-03-01 00:00:00","c#","6042"
"2010-03-01 00:00:00","c++","2439"
"2010-03-01 00:00:00","html","1438"
"2010-03-01 00:00:00","ios","120"
"2010-03-01 00:00:00","java","4453"
"2010-03-01 00:00:00","javascript","2985"
"2010-03-01 00:00:00","jquery","2910"
"2010-03-01 00:00:00","php","3758"
"2010-03-01 00:00:00","python","2072"
"2010-04-01 00:00:00","android","1406"
"2010-04-01 00:00:00","c#","5786"
"2010-04-01 00:00:00","c++","2493"
"2010-04-01 00:00:00","html","1448"
"2010-04-01 00:00:00","ios","107"
"2010-04-01 00:00:00","java","3893"
"2010-04-01 00:00:00","javascript","3004"
"2010-04-01 00:00:00","jquery","2760"
"2010-04-01 00:00:00","php","3656"
"2010-04-01 00:00:00","python","1817"
"2010-05-01 00:00:00","android","1583"
"2010-05-01 00:00:00","c#","5947"
"2010-05-01 00:00:00","c++","2422"
"2010-05-01 00:00:00","html","1488"
"2010-05-01 00:00:00","ios","106"
"2010-05-01 00:00:00","java","4180"
"2010-05-01 00:00:00","javascript","3217"
"2010-05-01 00:00:00","jquery","2780"
"2010-05-01 00:00:00","php","3995"
"2010-05-01 00:00:00","python","2011"
"2010-06-01 00:00:00","android","2039"
"2010-06-01 00:00:00","c#","6163"
"2010-06-01 00:00:00","c++","2828"
"2010-06-01 00:00:00","html","1633"
"2010-06-01 00:00:00","ios","149"
"2010-06-01 00:00:00","java","4296"
"2010-06-01 00:00:00","javascript","3464"
"2010-06-01 00:00:00","jquery","3079"
"2010-06-01 00:00:00","php","4101"
"2010-06-01 00:00:00","python","2208"
"2010-07-01 00:00:00","android","2491"
"2010-07-01 00:00:00","c#","6693"
"2010-07-01 00:00:00","c++","2688"
"2010-07-01 00:00:00","html","1969"
"2010-07-01 00:00:00","ios","195"
"2010-07-01 00:00:00","java","4525"
"2010-07-01 00:00:00","javascript","3868"
"2010-07-01 00:00:00","jquery","3522"
"2010-07-01 00:00:00","php","4616"
"2010-07-01 00:00:00","python","2600"
"2010-08-01 00:00:00","android","2938"
"2010-08-01 00:00:00","c#","6970"
"2010-08-01 00:00:00","c++","2641"
"2010-08-01 00:00:00","html","2020"
"2010-08-01 00:00:00","ios","337"
"2010-08-01 00:00:00","java","4713"
"2010-08-01 00:00:00","javascript","3999"
"2010-08-01 00:00:00","jquery","3796"
"2010-08-01 00:00:00","php","5160"
"2010-08-01 00:00:00","python","2495"
"2010-09-01 00:00:00","android","2787"
"2010-09-01 00:00:00","c#","6409"
"2010-09-01 00:00:00","c++","2744"
"2010-09-01 00:00:00","html","1892"
"2010-09-01 00:00:00","ios","437"
"2010-09-01 00:00:00","java","4722"
"2010-09-01 00:00:00","javascript","3995"
"2010-09-01 00:00:00","jquery","3675"
"2010-09-01 00:00:00","php","4704"
"2010-09-01 00:00:00","python","2254"
"2010-10-01 00:00:00","android","3011"
"2010-10-01 00:00:00","c#","6748"
"2010-10-01 00:00:00","c++","2936"
"2010-10-01 00:00:00","html","1871"
"2010-10-01 00:00:00","ios","557"
"2010-10-01 00:00:00","java","5036"
"2010-10-01 00:00:00","javascript","4117"
"2010-10-01 00:00:00","jquery","3771"
"2010-10-01 00:00:00","php","4529"
"2010-10-01 00:00:00","python","2668"
"2010-11-01 00:00:00","android","3746"
"2010-11-01 00:00:00","c#","7326"
"2010-11-01 00:00:00","c++","3374"
"2010-11-01 00:00:00","html","2126"
"2010-11-01 00:00:00","ios","777"
"2010-11-01 00:00:00","java","5609"
"2010-11-01 00:00:00","javascript","4546"
"2010-11-01 00:00:00","jquery","4070"
"2010-11-01 00:00:00","php","5130"
"2010-11-01 00:00:00","python","2617"
"2010-12-01 00:00:00","android","3925"
"2010-12-01 00:00:00","c#","7119"
"2010-12-01 00:00:00","c++","3143"
"2010-12-01 00:00:00","html","2369"
"2010-12-01 00:00:00","ios","949"
"2010-12-01 00:00:00","java","5686"
"2010-12-01 00:00:00","javascript","4953"
"2010-12-01 00:00:00","jquery","4250"
"2010-12-01 00:00:00","php","5404"
"2010-12-01 00:00:00","python","2484"
"2011-01-01 00:00:00","android","4592"
"2011-01-01 00:00:00","c#","8022"
"2011-01-01 00:00:00","c++","3508"
"2011-01-01 00:00:00","html","2734"
"2011-01-01 00:00:00","ios","1284"
"2011-01-01 00:00:00","java","6564"
"2011-01-01 00:00:00","javascript","5452"
"2011-01-01 00:00:00","jquery","4923"
"2011-01-01 00:00:00","php","6463"
"2011-01-01 00:00:00","python","2913"
"2011-02-01 00:00:00","android","5408"
"2011-02-01 00:00:00","c#","8257"
"2011-02-01 00:00:00","c++","3457"
"2011-02-01 00:00:00","html","2647"
"2011-02-01 00:00:00","ios","1354"
"2011-02-01 00:00:00","java","6906"
"2011-02-01 00:00:00","javascript","5616"
"2011-02-01 00:00:00","jquery","5069"
"2011-02-01 00:00:00","php","6751"
"2011-02-01 00:00:00","python","3019"
"2011-03-01 00:00:00","android","6626"
"2011-03-01 00:00:00","c#","10037"
"2011-03-01 00:00:00","c++","4191"
"2011-03-01 00:00:00","html","3545"
"2011-03-01 00:00:00","ios","1694"
"2011-03-01 00:00:00","java","8523"
"2011-03-01 00:00:00","javascript","6782"
"2011-03-01 00:00:00","jquery","6287"
"2011-03-01 00:00:00","php","8165"
"2011-03-01 00:00:00","python","3758"
"2011-04-01 00:00:00","android","6847"
"2011-04-01 00:00:00","c#","9329"
"2011-04-01 00:00:00","c++","4183"
"2011-04-01 00:00:00","html","3217"
"2011-04-01 00:00:00","ios","1913"
"2011-04-01 00:00:00","java","7935"
"2011-04-01 00:00:00","javascript","6913"
"2011-04-01 00:00:00","jquery","6229"
"2011-04-01 00:00:00","php","7709"
"2011-04-01 00:00:00","python","3351"
"2011-05-01 00:00:00","android","7356"
"2011-05-01 00:00:00","c#","10080"
"2011-05-01 00:00:00","c++","3901"
"2011-05-01 00:00:00","html","3425"
"2011-05-01 00:00:00","ios","2514"
"2011-05-01 00:00:00","java","8603"
"2011-05-01 00:00:00","javascript","7327"
"2011-05-01 00:00:00","jquery","6621"
"2011-05-01 00:00:00","php","8151"
"2011-05-01 00:00:00","python","3532"
"2011-06-01 00:00:00","android","7485"
"2011-06-01 00:00:00","c#","9817"
"2011-06-01 00:00:00","c++","3830"
"2011-06-01 00:00:00","html","3526"
"2011-06-01 00:00:00","ios","2669"
"2011-06-01 00:00:00","java","7954"
"2011-06-01 00:00:00","javascript","7713"
"2011-06-01 00:00:00","jquery","6633"
"2011-06-01 00:00:00","php","8088"
"2011-06-01 00:00:00","python","3480"
"2011-07-01 00:00:00","android","7747"
"2011-07-01 00:00:00","c#","9660"
"2011-07-01 00:00:00","c++","3858"
"2011-07-01 00:00:00","html","3835"
"2011-07-01 00:00:00","ios","2784"
"2011-07-01 00:00:00","java","8193"
"2011-07-01 00:00:00","javascript","8134"
"2011-07-01 00:00:00","jquery","7303"
"2011-07-01 00:00:00","php","8758"
"2011-07-01 00:00:00","python","3680"
"2011-08-01 00:00:00","android","8124"
"2011-08-01 00:00:00","c#","10111"
"2011-08-01 00:00:00","c++","3966"
"2011-08-01 00:00:00","html","3974"
"2011-08-01 00:00:00","ios","3540"
"2011-08-01 00:00:00","java","8724"
"2011-08-01 00:00:00","javascript","8936"
"2011-08-01 00:00:00","jquery","7784"
"2011-08-01 00:00:00","php","9004"
"2011-08-01 00:00:00","python","3842"
"2011-09-01 00:00:00","android","7968"
"2011-09-01 00:00:00","c#","9350"
"2011-09-01 00:00:00","c++","3957"
"2011-09-01 00:00:00","html","3666"
"2011-09-01 00:00:00","ios","3472"
"2011-09-01 00:00:00","java","8363"
"2011-09-01 00:00:00","javascript","8232"
"2011-09-01 00:00:00","jquery","7172"
"2011-09-01 00:00:00","php","8142"
"2011-09-01 00:00:00","python","3525"
"2011-10-01 00:00:00","android","7582"
"2011-10-01 00:00:00","c#","9262"
"2011-10-01 00:00:00","c++","4367"
"2011-10-01 00:00:00","html","3671"
"2011-10-01 00:00:00","ios","3645"
"2011-10-01 00:00:00","java","8590"
"2011-10-01 00:00:00","javascript","8070"
"2011-10-01 00:00:00","jquery","7194"
"2011-10-01 00:00:00","php","8140"
"2011-10-01 00:00:00","python","3636"
"2011-11-01 00:00:00","android","8616"
"2011-11-01 00:00:00","c#","9952"
"2011-11-01 00:00:00","c++","4505"
"2011-11-01 00:00:00","html","3901"
"2011-11-01 00:00:00","ios","4285"
"2011-11-01 00:00:00","java","9690"
"2011-11-01 00:00:00","javascript","8719"
"2011-11-01 00:00:00","jquery","7539"
"2011-11-01 00:00:00","php","8759"
"2011-11-01 00:00:00","python","3884"
"2011-12-01 00:00:00","android","8398"
"2011-12-01 00:00:00","c#","9361"
"2011-12-01 00:00:00","c++","4377"
"2011-12-01 00:00:00","html","3782"
"2011-12-01 00:00:00","ios","4147"
"2011-12-01 00:00:00","java","9252"
"2011-12-01 00:00:00","javascript","8363"
"2011-12-01 00:00:00","jquery","7458"
"2011-12-01 00:00:00","php","8412"
"2011-12-01 00:00:00","python","3634"
"2012-01-01 00:00:00","android","9238"
"2012-01-01 00:00:00","c#","10514"
"2012-01-01 00:00:00","c++","4568"
"2012-01-01 00:00:00","html","4330"
"2012-01-01 00:00:00","ios","5002"
"2012-01-01 00:00:00","java","10202"
"2012-01-01 00:00:00","javascript","9644"
"2012-01-01 00:00:00","jquery","8262"
"2012-01-01 00:00:00","php","9406"
"2012-01-01 00:00:00","python","4224"
"2012-02-01 00:00:00","android","10104"
"2012-02-01 00:00:00","c#","10849"
"2012-02-01 00:00:00","c++","5131"
"2012-02-01 00:00:00","html","4650"
"2012-02-01 00:00:00","ios","5098"
"2012-02-01 00:00:00","java","11065"
"2012-02-01 00:00:00","javascript","10056"
"2012-02-01 00:00:00","jquery","8951"
"2012-02-01 00:00:00","php","10049"
"2012-02-01 00:00:00","python","4515"
"2012-03-01 00:00:00","android","11149"
"2012-03-01 00:00:00","c#","11710"
"2012-03-01 00:00:00","c++","5275"
"2012-03-01 00:00:00","html","4836"
"2012-03-01 00:00:00","ios","5616"
"2012-03-01 00:00:00","java","12516"
"2012-03-01 00:00:00","javascript","10777"
"2012-03-01 00:00:00","jquery","9313"
"2012-03-01 00:00:00","php","11025"
"2012-03-01 00:00:00","python","5069"
"2012-04-01 00:00:00","android","10528"
"2012-04-01 00:00:00","c#","11217"
"2012-04-01 00:00:00","c++","5344"
"2012-04-01 00:00:00","html","4823"
"2012-04-01 00:00:00","ios","5599"
"2012-04-01 00:00:00","java","12136"
"2012-04-01 00:00:00","javascript","10751"
"2012-04-01 00:00:00","jquery","9009"
"2012-04-01 00:00:00","php","10533"
"2012-04-01 00:00:00","python","4941"
"2012-05-01 00:00:00","android","10770"
"2012-05-01 00:00:00","c#","11670"
"2012-05-01 00:00:00","c++","5018"
"2012-05-01 00:00:00","html","5221"
"2012-05-01 00:00:00","ios","5973"
"2012-05-01 00:00:00","java","12280"
"2012-05-01 00:00:00","javascript","11593"
"2012-05-01 00:00:00","jquery","9794"
"2012-05-01 00:00:00","php","11047"
"2012-05-01 00:00:00","python","5127"
"2012-06-01 00:00:00","android","10685"
"2012-06-01 00:00:00","c#","11394"
"2012-06-01 00:00:00","c++","4686"
"2012-06-01 00:00:00","html","5155"
"2012-06-01 00:00:00","ios","5773"
"2012-06-01 00:00:00","java","11182"
"2012-06-01 00:00:00","javascript","11311"
"2012-06-01 00:00:00","jquery","9497"
"2012-06-01 00:00:00","php","10677"
"2012-06-01 00:00:00","python","5295"
"2012-07-01 00:00:00","android","12086"
"2012-07-01 00:00:00","c#","12405"
"2012-07-01 00:00:00","c++","5306"
"2012-07-01 00:00:00","html","5942"
"2012-07-01 00:00:00","ios","6400"
"2012-07-01 00:00:00","java","12324"
"2012-07-01 00:00:00","javascript","12405"
"2012-07-01 00:00:00","jquery","10204"
"2012-07-01 00:00:00","php","11867"
"2012-07-01 00:00:00","python","5747"
"2012-08-01 00:00:00","android","11043"
"2012-08-01 00:00:00","c#","12007"
"2012-08-01 00:00:00","c++","5175"
"2012-08-01 00:00:00","html","5918"
"2012-08-01 00:00:00","ios","6367"
"2012-08-01 00:00:00","java","12307"
"2012-08-01 00:00:00","javascript","12481"
"2012-08-01 00:00:00","jquery","10391"
"2012-08-01 00:00:00","php","11991"
"2012-08-01 00:00:00","python","5880"
"2012-09-01 00:00:00","android","10508"
"2012-09-01 00:00:00","c#","11312"
"2012-09-01 00:00:00","c++","4925"
"2012-09-01 00:00:00","html","5445"
"2012-09-01 00:00:00","ios","5945"
"2012-09-01 00:00:00","java","11662"
"2012-09-01 00:00:00","javascript","11200"
"2012-09-01 00:00:00","jquery","9248"
"2012-09-01 00:00:00","php","11057"
"2012-09-01 00:00:00","python","5269"
"2012-10-01 00:00:00","android","11257"
"2012-10-01 00:00:00","c#","12769"
"2012-10-01 00:00:00","c++","5923"
"2012-10-01 00:00:00","html","5711"
"2012-10-01 00:00:00","ios","6873"
"2012-10-01 00:00:00","java","13553"
"2012-10-01 00:00:00","javascript","12456"
"2012-10-01 00:00:00","jquery","10285"
"2012-10-01 00:00:00","php","11887"
"2012-10-01 00:00:00","python","6147"
"2012-11-01 00:00:00","android","11108"
"2012-11-01 00:00:00","c#","12274"
"2012-11-01 00:00:00","c++","6295"
"2012-11-01 00:00:00","html","5903"
"2012-11-01 00:00:00","ios","6434"
"2012-11-01 00:00:00","java","13671"
"2012-11-01 00:00:00","javascript","12375"
"2012-11-01 00:00:00","jquery","10168"
"2012-11-01 00:00:00","php","11864"
"2012-11-01 00:00:00","python","6409"
"2012-12-01 00:00:00","android","11137"
"2012-12-01 00:00:00","c#","10993"
"2012-12-01 00:00:00","c++","5703"
"2012-12-01 00:00:00","html","5810"
"2012-12-01 00:00:00","ios","5873"
"2012-12-01 00:00:00","java","12475"
"2012-12-01 00:00:00","javascript","11762"
"2012-12-01 00:00:00","jquery","9361"
"2012-12-01 00:00:00","php","11157"
"2012-12-01 00:00:00","python","5772"
"2013-01-01 00:00:00","android","13061"
"2013-01-01 00:00:00","c#","12854"
"2013-01-01 00:00:00","c++","6076"
"2013-01-01 00:00:00","html","6664"
"2013-01-01 00:00:00","ios","6711"
"2013-01-01 00:00:00","java","13803"
"2013-01-01 00:00:00","javascript","13871"
"2013-01-01 00:00:00","jquery","11099"
"2013-01-01 00:00:00","php","13009"
"2013-01-01 00:00:00","python","6607"
"2013-02-01 00:00:00","android","11578"
"2013-02-01 00:00:00","c#","12659"
"2013-02-01 00:00:00","c++","6126"
"2013-02-01 00:00:00","html","6517"
"2013-02-01 00:00:00","ios","6064"
"2013-02-01 00:00:00","java","13879"
"2013-02-01 00:00:00","javascript","13830"
"2013-02-01 00:00:00","jquery","10863"
"2013-02-01 00:00:00","php","12800"
"2013-02-01 00:00:00","python","6791"
"2013-03-01 00:00:00","android","13313"
"2013-03-01 00:00:00","c#","14368"
"2013-03-01 00:00:00","c++","7236"
"2013-03-01 00:00:00","html","7580"
"2013-03-01 00:00:00","ios","6972"
"2013-03-01 00:00:00","java","16057"
"2013-03-01 00:00:00","javascript","15449"
"2013-03-01 00:00:00","jquery","12386"
"2013-03-01 00:00:00","php","14366"
"2013-03-01 00:00:00","python","7679"
"2013-04-01 00:00:00","android","12642"
"2013-04-01 00:00:00","c#","14001"
"2013-04-01 00:00:00","c++","7194"
"2013-04-01 00:00:00","html","7522"
"2013-04-01 00:00:00","ios","6786"
"2013-04-01 00:00:00","java","16360"
"2013-04-01 00:00:00","javascript","15471"
"2013-04-01 00:00:00","jquery","12189"
"2013-04-01 00:00:00","php","13615"
"2013-04-01 00:00:00","python","7977"
"2013-05-01 00:00:00","android","12920"
"2013-05-01 00:00:00","c#","13568"
"2013-05-01 00:00:00","c++","6874"
"2013-05-01 00:00:00","html","7275"
"2013-05-01 00:00:00","ios","6719"
"2013-05-01 00:00:00","java","15410"
"2013-05-01 00:00:00","javascript","15130"
"2013-05-01 00:00:00","jquery","11836"
"2013-05-01 00:00:00","php","13306"
"2013-05-01 00:00:00","python","7851"
"2013-06-01 00:00:00","android","12133"
"2013-06-01 00:00:00","c#","12876"
"2013-06-01 00:00:00","c++","6229"
"2013-06-01 00:00:00","html","7234"
"2013-06-01 00:00:00","ios","5961"
"2013-06-01 00:00:00","java","14059"
"2013-06-01 00:00:00","javascript","14691"
"2013-06-01 00:00:00","jquery","11563"
"2013-06-01 00:00:00","php","12894"
"2013-06-01 00:00:00","python","7639"
"2013-07-01 00:00:00","android","14222"
"2013-07-01 00:00:00","c#","14278"
"2013-07-01 00:00:00","c++","6601"
"2013-07-01 00:00:00","html","8443"
"2013-07-01 00:00:00","ios","6942"
"2013-07-01 00:00:00","java","15291"
"2013-07-01 00:00:00","javascript","16928"
"2013-07-01 00:00:00","jquery","12813"
"2013-07-01 00:00:00","php","14522"
"2013-07-01 00:00:00","python","8652"
"2013-08-01 00:00:00","android","13729"
"2013-08-01 00:00:00","c#","13920"
"2013-08-01 00:00:00","c++","6275"
"2013-08-01 00:00:00","html","8620"
"2013-08-01 00:00:00","ios","6600"
"2013-08-01 00:00:00","java","15135"
"2013-08-01 00:00:00","javascript","16926"
"2013-08-01 00:00:00","jquery","12844"
"2013-08-01 00:00:00","php","14498"
"2013-08-01 00:00:00","python","7974"
"2013-09-01 00:00:00","android","12501"
"2013-09-01 00:00:00","c#","13841"
"2013-09-01 00:00:00","c++","6589"
"2013-09-01 00:00:00","html","9145"
"2013-09-01 00:00:00","ios","7170"
"2013-09-01 00:00:00","java","16352"
"2013-09-01 00:00:00","javascript","17840"
"2013-09-01 00:00:00","jquery","13022"
"2013-09-01 00:00:00","php","14426"
"2013-09-01 00:00:00","python","7995"
"2013-10-01 00:00:00","android","12934"
"2013-10-01 00:00:00","c#","15274"
"2013-10-01 00:00:00","c++","8024"
"2013-10-01 00:00:00","html","9950"
"2013-10-01 00:00:00","ios","8159"
"2013-10-01 00:00:00","java","18861"
"2013-10-01 00:00:00","javascript","19865"
"2013-10-01 00:00:00","jquery","13841"
"2013-10-01 00:00:00","php","15529"
"2013-10-01 00:00:00","python","9535"
"2013-11-01 00:00:00","android","12856"
"2013-11-01 00:00:00","c#","14677"
"2013-11-01 00:00:00","c++","8179"
"2013-11-01 00:00:00","html","9368"
"2013-11-01 00:00:00","ios","7251"
"2013-11-01 00:00:00","java","18869"
"2013-11-01 00:00:00","javascript","18616"
"2013-11-01 00:00:00","jquery","12478"
"2013-11-01 00:00:00","php","15089"
"2013-11-01 00:00:00","python","9532"
"2013-12-01 00:00:00","android","13174"
"2013-12-01 00:00:00","c#","13695"
"2013-12-01 00:00:00","c++","7048"
"2013-12-01 00:00:00","html","9381"
"2013-12-01 00:00:00","ios","6717"
"2013-12-01 00:00:00","java","17557"
"2013-12-01 00:00:00","javascript","18140"
"2013-12-01 00:00:00","jquery","12114"
"2013-12-01 00:00:00","php","14614"
"2013-12-01 00:00:00","python","8496"
"2014-01-01 00:00:00","android","14835"
"2014-01-01 00:00:00","c#","15424"
"2014-01-01 00:00:00","c++","7731"
"2014-01-01 00:00:00","html","11252"
"2014-01-01 00:00:00","ios","7722"
"2014-01-01 00:00:00","java","18798"
"2014-01-01 00:00:00","javascript","21238"
"2014-01-01 00:00:00","jquery","13851"
"2014-01-01 00:00:00","php","17057"
"2014-01-01 00:00:00","python","9877"
"2014-02-01 00:00:00","android","14816"
"2014-02-01 00:00:00","c#","15193"
"2014-02-01 00:00:00","c++","7719"
"2014-02-01 00:00:00","html","10848"
"2014-02-01 00:00:00","ios","7792"
"2014-02-01 00:00:00","java","19409"
"2014-02-01 00:00:00","javascript","21298"
"2014-02-01 00:00:00","jquery","13648"
"2014-02-01 00:00:00","php","16786"
"2014-02-01 00:00:00","python","9950"
"2014-03-01 00:00:00","android","17111"
"2014-03-01 00:00:00","c#","16305"
"2014-03-01 00:00:00","c++","8710"
"2014-03-01 00:00:00","html","11848"
"2014-03-01 00:00:00","ios","8696"
"2014-03-01 00:00:00","java","22148"
"2014-03-01 00:00:00","javascript","22829"
"2014-03-01 00:00:00","jquery","14438"
"2014-03-01 00:00:00","php","18626"
"2014-03-01 00:00:00","python","11473"
"2014-04-01 00:00:00","android","15510"
"2014-04-01 00:00:00","c#","15426"
"2014-04-01 00:00:00","c++","8171"
"2014-04-01 00:00:00","html","11234"
"2014-04-01 00:00:00","ios","7989"
"2014-04-01 00:00:00","java","21047"
"2014-04-01 00:00:00","javascript","21611"
"2014-04-01 00:00:00","jquery","13659"
"2014-04-01 00:00:00","php","17970"
"2014-04-01 00:00:00","python","10831"
"2014-05-01 00:00:00","android","13535"
"2014-05-01 00:00:00","c#","14021"
"2014-05-01 00:00:00","c++","6841"
"2014-05-01 00:00:00","html","10239"
"2014-05-01 00:00:00","ios","7273"
"2014-05-01 00:00:00","java","18111"
"2014-05-01 00:00:00","javascript","19958"
"2014-05-01 00:00:00","jquery","12368"
"2014-05-01 00:00:00","php","15033"
"2014-05-01 00:00:00","python","9315"
"2014-06-01 00:00:00","android","12652"
"2014-06-01 00:00:00","c#","12624"
"2014-06-01 00:00:00","c++","5726"
"2014-06-01 00:00:00","html","9098"
"2014-06-01 00:00:00","ios","6992"
"2014-06-01 00:00:00","java","16050"
"2014-06-01 00:00:00","javascript","18466"
"2014-06-01 00:00:00","jquery","11339"
"2014-06-01 00:00:00","php","13264"
"2014-06-01 00:00:00","python","8963"
"2014-07-01 00:00:00","android","14607"
"2014-07-01 00:00:00","c#","13801"
"2014-07-01 00:00:00","c++","6318"
"2014-07-01 00:00:00","html","9975"
"2014-07-01 00:00:00","ios","7849"
"2014-07-01 00:00:00","java","17496"
"2014-07-01 00:00:00","javascript","20292"
"2014-07-01 00:00:00","jquery","12142"
"2014-07-01 00:00:00","php","14527"
"2014-07-01 00:00:00","python","9996"
"2014-08-01 00:00:00","android","13302"
"2014-08-01 00:00:00","c#","12596"
"2014-08-01 00:00:00","c++","5929"
"2014-08-01 00:00:00","html","9266"
"2014-08-01 00:00:00","ios","7028"
"2014-08-01 00:00:00","java","15851"
"2014-08-01 00:00:00","javascript","18621"
"2014-08-01 00:00:00","jquery","11259"
"2014-08-01 00:00:00","php","13429"
"2014-08-01 00:00:00","python","9161"
"2014-09-01 00:00:00","android","12481"
"2014-09-01 00:00:00","c#","12428"
"2014-09-01 00:00:00","c++","6252"
"2014-09-01 00:00:00","html","8987"
"2014-09-01 00:00:00","ios","7825"
"2014-09-01 00:00:00","java","16852"
"2014-09-01 00:00:00","javascript","18265"
"2014-09-01 00:00:00","jquery","10932"
"2014-09-01 00:00:00","php","13564"
"2014-09-01 00:00:00","python","8821"
"2014-10-01 00:00:00","android","12403"
"2014-10-01 00:00:00","c#","12666"
"2014-10-01 00:00:00","c++","6885"
"2014-10-01 00:00:00","html","9291"
"2014-10-01 00:00:00","ios","8122"
"2014-10-01 00:00:00","java","18045"
"2014-10-01 00:00:00","javascript","19053"
"2014-10-01 00:00:00","jquery","10859"
"2014-10-01 00:00:00","php","13831"
"2014-10-01 00:00:00","python","9638"
"2014-11-01 00:00:00","android","12618"
"2014-11-01 00:00:00","c#","11962"
"2014-11-01 00:00:00","c++","6615"
"2014-11-01 00:00:00","html","8994"
"2014-11-01 00:00:00","ios","7311"
"2014-11-01 00:00:00","java","17984"
"2014-11-01 00:00:00","javascript","18105"
"2014-11-01 00:00:00","jquery","10254"
"2014-11-01 00:00:00","php","13233"
"2014-11-01 00:00:00","python","9630"
"2014-12-01 00:00:00","android","12695"
"2014-12-01 00:00:00","c#","11196"
"2014-12-01 00:00:00","c++","6123"
"2014-12-01 00:00:00","html","8291"
"2014-12-01 00:00:00","ios","6665"
"2014-12-01 00:00:00","java","16503"
"2014-12-01 00:00:00","javascript","17124"
"2014-12-01 00:00:00","jquery","9375"
"2014-12-01 00:00:00","php","12566"
"2014-12-01 00:00:00","python","9090"
"2015-01-01 00:00:00","android","12791"
"2015-01-01 00:00:00","c#","11845"
"2015-01-01 00:00:00","c++","6188"
"2015-01-01 00:00:00","html","9169"
"2015-01-01 00:00:00","ios","7202"
"2015-01-01 00:00:00","java","16667"
"2015-01-01 00:00:00","javascript","18656"
"2015-01-01 00:00:00","jquery","9980"
"2015-01-01 00:00:00","php","13819"
"2015-01-01 00:00:00","python","9742"
"2015-02-01 00:00:00","android","12471"
"2015-02-01 00:00:00","c#","11870"
"2015-02-01 00:00:00","c++","6501"
"2015-02-01 00:00:00","html","9140"
"2015-02-01 00:00:00","ios","7473"
"2015-02-01 00:00:00","java","16868"
"2015-02-01 00:00:00","javascript","18772"
"2015-02-01 00:00:00","jquery","10065"
"2015-02-01 00:00:00","php","13668"
"2015-02-01 00:00:00","python","10245"
"2015-03-01 00:00:00","android","14243"
"2015-03-01 00:00:00","c#","13350"
"2015-03-01 00:00:00","c++","7421"
"2015-03-01 00:00:00","html","10230"
"2015-03-01 00:00:00","ios","8365"
"2015-03-01 00:00:00","java","19883"
"2015-03-01 00:00:00","javascript","20653"
"2015-03-01 00:00:00","jquery","11247"
"2015-03-01 00:00:00","php","15116"
"2015-03-01 00:00:00","python","11672"
"2015-04-01 00:00:00","android","14506"
"2015-04-01 00:00:00","c#","13181"
"2015-04-01 00:00:00","c++","7180"
"2015-04-01 00:00:00","html","10166"
"2015-04-01 00:00:00","ios","8511"
"2015-04-01 00:00:00","java","19917"
"2015-04-01 00:00:00","javascript","21019"
"2015-04-01 00:00:00","jquery","11104"
"2015-04-01 00:00:00","php","15178"
"2015-04-01 00:00:00","python","11513"
"2015-05-01 00:00:00","android","14129"
"2015-05-01 00:00:00","c#","13459"
"2015-05-01 00:00:00","c++","6855"
"2015-05-01 00:00:00","html","10529"
"2015-05-01 00:00:00","ios","8253"
"2015-05-01 00:00:00","java","18638"
"2015-05-01 00:00:00","javascript","22266"
"2015-05-01 00:00:00","jquery","11392"
"2015-05-01 00:00:00","php","14752"
"2015-05-01 00:00:00","python","11265"
"2015-06-01 00:00:00","android","13876"
"2015-06-01 00:00:00","c#","13628"
"2015-06-01 00:00:00","c++","6546"
"2015-06-01 00:00:00","html","10604"
"2015-06-01 00:00:00","ios","8492"
"2015-06-01 00:00:00","java","17953"
"2015-06-01 00:00:00","javascript","22718"
"2015-06-01 00:00:00","jquery","11529"
"2015-06-01 00:00:00","php","14549"
"2015-06-01 00:00:00","python","11859"
"2015-07-01 00:00:00","android","14842"
"2015-07-01 00:00:00","c#","14210"
"2015-07-01 00:00:00","c++","6737"
"2015-07-01 00:00:00","html","10969"
"2015-07-01 00:00:00","ios","9229"
"2015-07-01 00:00:00","java","18796"
"2015-07-01 00:00:00","javascript","24114"
"2015-07-01 00:00:00","jquery","11710"
"2015-07-01 00:00:00","php","15572"
"2015-07-01 00:00:00","python","12378"
"2015-08-01 00:00:00","android","14315"
"2015-08-01 00:00:00","c#","13312"
"2015-08-01 00:00:00","c++","5905"
"2015-08-01 00:00:00","html","10160"
"2015-08-01 00:00:00","ios","8797"
"2015-08-01 00:00:00","java","17172"
"2015-08-01 00:00:00","javascript","22243"
"2015-08-01 00:00:00","jquery","11004"
"2015-08-01 00:00:00","php","14428"
"2015-08-01 00:00:00","python","11278"
"2015-09-01 00:00:00","android","13337"
"2015-09-01 00:00:00","c#","12980"
"2015-09-01 00:00:00","c++","5940"
"2015-09-01 00:00:00","html","9905"
"2015-09-01 00:00:00","ios","8928"
"2015-09-01 00:00:00","java","17038"
"2015-09-01 00:00:00","javascript","21535"
"2015-09-01 00:00:00","jquery","10596"
"2015-09-01 00:00:00","php","13691"
"2015-09-01 00:00:00","python","11024"
"2015-10-01 00:00:00","android","13954"
"2015-10-01 00:00:00","c#","12861"
"2015-10-01 00:00:00","c++","7076"
"2015-10-01 00:00:00","html","10004"
"2015-10-01 00:00:00","ios","8733"
"2015-10-01 00:00:00","java","18629"
"2015-10-01 00:00:00","javascript","21925"
"2015-10-01 00:00:00","jquery","10646"
"2015-10-01 00:00:00","php","14091"
"2015-10-01 00:00:00","python","12553"
"2015-11-01 00:00:00","android","13143"
"2015-11-01 00:00:00","c#","12455"
"2015-11-01 00:00:00","c++","7123"
"2015-11-01 00:00:00","html","9595"
"2015-11-01 00:00:00","ios","7729"
"2015-11-01 00:00:00","java","17884"
"2015-11-01 00:00:00","javascript","21368"
"2015-11-01 00:00:00","jquery","9800"
"2015-11-01 00:00:00","php","13493"
"2015-11-01 00:00:00","python","12360"
"2015-12-01 00:00:00","android","12639"
"2015-12-01 00:00:00","c#","12224"
"2015-12-01 00:00:00","c++","6590"
"2015-12-01 00:00:00","html","9555"
"2015-12-01 00:00:00","ios","7406"
"2015-12-01 00:00:00","java","16639"
"2015-12-01 00:00:00","javascript","21186"
"2015-12-01 00:00:00","jquery","9619"
"2015-12-01 00:00:00","php","13941"
"2015-12-01 00:00:00","python","11697"
"2016-01-01 00:00:00","android","13473"
"2016-01-01 00:00:00","c#","12421"
"2016-01-01 00:00:00","c++","6129"
"2016-01-01 00:00:00","html","9866"
"2016-01-01 00:00:00","ios","7852"
"2016-01-01 00:00:00","java","16730"
"2016-01-01 00:00:00","javascript","22620"
"2016-01-01 00:00:00","jquery","10175"
"2016-01-01 00:00:00","php","14759"
"2016-01-01 00:00:00","python","12409"
"2016-02-01 00:00:00","android","13883"
"2016-02-01 00:00:00","c#","12814"
"2016-02-01 00:00:00","c++","6589"
"2016-02-01 00:00:00","html","10250"
"2016-02-01 00:00:00","ios","7763"
"2016-02-01 00:00:00","java","17936"
"2016-02-01 00:00:00","javascript","22584"
"2016-02-01 00:00:00","jquery","10291"
"2016-02-01 00:00:00","php","15107"
"2016-02-01 00:00:00","python","13314"
"2016-03-01 00:00:00","android","15489"
"2016-03-01 00:00:00","c#","13694"
"2016-03-01 00:00:00","c++","7077"
"2016-03-01 00:00:00","html","10620"
"2016-03-01 00:00:00","ios","7802"
"2016-03-01 00:00:00","java","20033"
"2016-03-01 00:00:00","javascript","24202"
"2016-03-01 00:00:00","jquery","10422"
"2016-03-01 00:00:00","php","15308"
"2016-03-01 00:00:00","python","14143"
"2016-04-01 00:00:00","android","15088"
"2016-04-01 00:00:00","c#","13809"
"2016-04-01 00:00:00","c++","6935"
"2016-04-01 00:00:00","html","10377"
"2016-04-01 00:00:00","ios","7325"
"2016-04-01 00:00:00","java","19604"
"2016-04-01 00:00:00","javascript","23550"
"2016-04-01 00:00:00","jquery","10034"
"2016-04-01 00:00:00","php","14671"
"2016-04-01 00:00:00","python","13733"
"2016-05-01 00:00:00","android","14213"
"2016-05-01 00:00:00","c#","13581"
"2016-05-01 00:00:00","c++","6163"
"2016-05-01 00:00:00","html","10396"
"2016-05-01 00:00:00","ios","7083"
"2016-05-01 00:00:00","java","17164"
"2016-05-01 00:00:00","javascript","23104"
"2016-05-01 00:00:00","jquery","9916"
"2016-05-01 00:00:00","php","14622"
"2016-05-01 00:00:00","python","13190"
"2016-06-01 00:00:00","android","14020"
"2016-06-01 00:00:00","c#","13148"
"2016-06-01 00:00:00","c++","5753"
"2016-06-01 00:00:00","html","9853"
"2016-06-01 00:00:00","ios","7180"
"2016-06-01 00:00:00","java","16019"
"2016-06-01 00:00:00","javascript","22265"
"2016-06-01 00:00:00","jquery","9120"
"2016-06-01 00:00:00","php","13820"
"2016-06-01 00:00:00","python","12979"
"2016-07-01 00:00:00","android","14006"
"2016-07-01 00:00:00","c#","12083"
"2016-07-01 00:00:00","c++","5501"
"2016-07-01 00:00:00","html","9843"
"2016-07-01 00:00:00","ios","6977"
"2016-07-01 00:00:00","java","15030"
"2016-07-01 00:00:00","javascript","22288"
"2016-07-01 00:00:00","jquery","9376"
"2016-07-01 00:00:00","php","13066"
"2016-07-01 00:00:00","python","12898"
"2016-08-01 00:00:00","android","13699"
"2016-08-01 00:00:00","c#","12800"
"2016-08-01 00:00:00","c++","5035"
"2016-08-01 00:00:00","html","10161"
"2016-08-01 00:00:00","ios","6942"
"2016-08-01 00:00:00","java","15257"
"2016-08-01 00:00:00","javascript","22772"
"2016-08-01 00:00:00","jquery","9459"
"2016-08-01 00:00:00","php","13019"
"2016-08-01 00:00:00","python","12966"
"2016-09-01 00:00:00","android","12194"
"2016-09-01 00:00:00","c#","11181"
"2016-09-01 00:00:00","c++","5172"
"2016-09-01 00:00:00","html","9108"
"2016-09-01 00:00:00","ios","7181"
"2016-09-01 00:00:00","java","14758"
"2016-09-01 00:00:00","javascript","20519"
"2016-09-01 00:00:00","jquery","8538"
"2016-09-01 00:00:00","php","12285"
"2016-09-01 00:00:00","python","12405"
"2016-10-01 00:00:00","android","11724"
"2016-10-01 00:00:00","c#","11524"
"2016-10-01 00:00:00","c++","6012"
"2016-10-01 00:00:00","html","9164"
"2016-10-01 00:00:00","ios","6813"
"2016-10-01 00:00:00","java","15424"
"2016-10-01 00:00:00","javascript","20544"
"2016-10-01 00:00:00","jquery","8270"
"2016-10-01 00:00:00","php","12412"
"2016-10-01 00:00:00","python","13576"
"2016-11-01 00:00:00","android","11498"
"2016-11-01 00:00:00","c#","11724"
"2016-11-01 00:00:00","c++","6123"
"2016-11-01 00:00:00","html","9261"
"2016-11-01 00:00:00","ios","6318"
"2016-11-01 00:00:00","java","15740"
"2016-11-01 00:00:00","javascript","20610"
"2016-11-01 00:00:00","jquery","8350"
"2016-11-01 00:00:00","php","12090"
"2016-11-01 00:00:00","python","14253"
"2016-12-01 00:00:00","android","11051"
"2016-12-01 00:00:00","c#","10757"
"2016-12-01 00:00:00","c++","5262"
"2016-12-01 00:00:00","html","8790"
"2016-12-01 00:00:00","ios","5837"
"2016-12-01 00:00:00","java","13925"
"2016-12-01 00:00:00","javascript","19900"
"2016-12-01 00:00:00","jquery","8141"
"2016-12-01 00:00:00","php","11607"
"2016-12-01 00:00:00","python","13099"
"2017-01-01 00:00:00","android","12482"
"2017-01-01 00:00:00","c#","11775"
"2017-01-01 00:00:00","c++","5686"
"2017-01-01 00:00:00","html","9539"
"2017-01-01 00:00:00","ios","6090"
"2017-01-01 00:00:00","java","14649"
"2017-01-01 00:00:00","javascript","21499"
"2017-01-01 00:00:00","jquery","8423"
"2017-01-01 00:00:00","php","12771"
"2017-01-01 00:00:00","python","14347"
"2017-02-01 00:00:00","android","11568"
"2017-02-01 00:00:00","c#","11578"
"2017-02-01 00:00:00","c++","5211"
"2017-02-01 00:00:00","html","9722"
"2017-02-01 00:00:00","ios","5648"
"2017-02-01 00:00:00","java","14654"
"2017-02-01 00:00:00","javascript","21266"
"2017-02-01 00:00:00","jquery","8393"
"2017-02-01 00:00:00","php","12666"
"2017-02-01 00:00:00","python","14849"
"2017-03-01 00:00:00","android","13557"
"2017-03-01 00:00:00","c#","13075"
"2017-03-01 00:00:00","c++","6268"
"2017-03-01 00:00:00","html","10749"
"2017-03-01 00:00:00","ios","6365"
"2017-03-01 00:00:00","java","17423"
"2017-03-01 00:00:00","javascript","23794"
"2017-03-01 00:00:00","jquery","9393"
"2017-03-01 00:00:00","php","14235"
"2017-03-01 00:00:00","python","17211"
"2017-04-01 00:00:00","android","11670"
"2017-04-01 00:00:00","c#","11159"
"2017-04-01 00:00:00","c++","5908"
"2017-04-01 00:00:00","html","9555"
"2017-04-01 00:00:00","ios","5383"
"2017-04-01 00:00:00","java","16019"
"2017-04-01 00:00:00","javascript","21336"
"2017-04-01 00:00:00","jquery","8127"
"2017-04-01 00:00:00","php","12589"
"2017-04-01 00:00:00","python","15721"
"2017-05-01 00:00:00","android","11760"
"2017-05-01 00:00:00","c#","12076"
"2017-05-01 00:00:00","c++","5338"
"2017-05-01 00:00:00","html","9920"
"2017-05-01 00:00:00","ios","5682"
"2017-05-01 00:00:00","java","16436"
"2017-05-01 00:00:00","javascript","22488"
"2017-05-01 00:00:00","jquery","8519"
"2017-05-01 00:00:00","php","13200"
"2017-05-01 00:00:00","python","16245"
"2017-06-01 00:00:00","android","11304"
"2017-06-01 00:00:00","c#","11389"
"2017-06-01 00:00:00","c++","4715"
"2017-06-01 00:00:00","html","9453"
"2017-06-01 00:00:00","ios","5904"
"2017-06-01 00:00:00","java","14698"
"2017-06-01 00:00:00","javascript","21684"
"2017-06-01 00:00:00","jquery","8120"
"2017-06-01 00:00:00","php","11935"
"2017-06-01 00:00:00","python","16110"
"2017-07-01 00:00:00","android","12053"
"2017-07-01 00:00:00","c#","11292"
"2017-07-01 00:00:00","c++","5057"
"2017-07-01 00:00:00","html","9437"
"2017-07-01 00:00:00","ios","5950"
"2017-07-01 00:00:00","java","14236"
"2017-07-01 00:00:00","javascript","21708"
"2017-07-01 00:00:00","jquery","7887"
"2017-07-01 00:00:00","php","11943"
"2017-07-01 00:00:00","python","17006"
"2017-08-01 00:00:00","android","11596"
"2017-08-01 00:00:00","c#","11037"
"2017-08-01 00:00:00","c++","4818"
"2017-08-01 00:00:00","html","9315"
"2017-08-01 00:00:00","ios","5653"
"2017-08-01 00:00:00","java","13797"
"2017-08-01 00:00:00","javascript","21468"
"2017-08-01 00:00:00","jquery","7823"
"2017-08-01 00:00:00","php","11795"
"2017-08-01 00:00:00","python","16543"
"2017-09-01 00:00:00","android","10190"
"2017-09-01 00:00:00","c#","9965"
"2017-09-01 00:00:00","c++","4505"
"2017-09-01 00:00:00","html","7959"
"2017-09-01 00:00:00","ios","5239"
"2017-09-01 00:00:00","java","12838"
"2017-09-01 00:00:00","javascript","19091"
"2017-09-01 00:00:00","jquery","6791"
"2017-09-01 00:00:00","php","10832"
"2017-09-01 00:00:00","python","15532"
"2017-10-01 00:00:00","android","10011"
"2017-10-01 00:00:00","c#","10311"
"2017-10-01 00:00:00","c++","5257"
"2017-10-01 00:00:00","html","8364"
"2017-10-01 00:00:00","ios","5152"
"2017-10-01 00:00:00","java","14096"
"2017-10-01 00:00:00","javascript","19987"
"2017-10-01 00:00:00","jquery","6830"
"2017-10-01 00:00:00","php","10980"
"2017-10-01 00:00:00","python","17055"
"2017-11-01 00:00:00","android","10541"
"2017-11-01 00:00:00","c#","9892"
"2017-11-01 00:00:00","c++","5074"
"2017-11-01 00:00:00","html","8357"
"2017-11-01 00:00:00","ios","4979"
"2017-11-01 00:00:00","java","14297"
"2017-11-01 00:00:00","javascript","19504"
"2017-11-01 00:00:00","jquery","6689"
"2017-11-01 00:00:00","php","10734"
"2017-11-01 00:00:00","python","17076"
"2017-12-01 00:00:00","android","9721"
"2017-12-01 00:00:00","c#","8697"
"2017-12-01 00:00:00","c++","4503"
"2017-12-01 00:00:00","html","7104"
"2017-12-01 00:00:00","ios","4233"
"2017-12-01 00:00:00","java","12084"
"2017-12-01 00:00:00","javascript","17082"
"2017-12-01 00:00:00","jquery","5662"
"2017-12-01 00:00:00","php","9272"
"2017-12-01 00:00:00","python","15039"
"2018-01-01 00:00:00","android","9823"
"2018-01-01 00:00:00","c#","9481"
"2018-01-01 00:00:00","c++","4804"
"2018-01-01 00:00:00","html","7672"
"2018-01-01 00:00:00","ios","4721"
"2018-01-01 00:00:00","java","12415"
"2018-01-01 00:00:00","javascript","19059"
"2018-01-01 00:00:00","jquery","6067"
"2018-01-01 00:00:00","php","10285"
"2018-01-01 00:00:00","python","16324"
"2018-02-01 00:00:00","android","9089"
"2018-02-01 00:00:00","c#","8664"
"2018-02-01 00:00:00","c++","4616"
"2018-02-01 00:00:00","html","7025"
"2018-02-01 00:00:00","ios","3988"
"2018-02-01 00:00:00","java","12106"
"2018-02-01 00:00:00","javascript","17328"
"2018-02-01 00:00:00","jquery","5219"
"2018-02-01 00:00:00","php","9280"
"2018-02-01 00:00:00","python","16430"
"2018-03-01 00:00:00","android","10176"
"2018-03-01 00:00:00","c#","9895"
"2018-03-01 00:00:00","c++","5238"
"2018-03-01 00:00:00","html","7783"
"2018-03-01 00:00:00","ios","4454"
"2018-03-01 00:00:00","java","13641"
"2018-03-01 00:00:00","javascript","19247"
"2018-03-01 00:00:00","jquery","5580"
"2018-03-01 00:00:00","php","10001"
"2018-03-01 00:00:00","python","18024"
"2018-04-01 00:00:00","android","9510"
"2018-04-01 00:00:00","c#","9330"
"2018-04-01 00:00:00","c++","4719"
"2018-04-01 00:00:00","html","7320"
"2018-04-01 00:00:00","ios","3947"
"2018-04-01 00:00:00","java","13566"
"2018-04-01 00:00:00","javascript","18068"
"2018-04-01 00:00:00","jquery","5013"
"2018-04-01 00:00:00","php","9104"
"2018-04-01 00:00:00","python","17063"
"2018-05-01 00:00:00","android","9611"
"2018-05-01 00:00:00","c#","10037"
"2018-05-01 00:00:00","c++","4740"
"2018-05-01 00:00:00","html","7381"
"2018-05-01 00:00:00","ios","3995"
"2018-05-01 00:00:00","java","13564"
"2018-05-01 00:00:00","javascript","18171"
"2018-05-01 00:00:00","jquery","4921"
"2018-05-01 00:00:00","php","9615"
"2018-05-01 00:00:00","python","17703"
"2018-06-01 00:00:00","android","9023"
"2018-06-01 00:00:00","c#","8874"
"2018-06-01 00:00:00","c++","4132"
"2018-06-01 00:00:00","html","6831"
"2018-06-01 00:00:00","ios","3517"
"2018-06-01 00:00:00","java","11889"
"2018-06-01 00:00:00","javascript","17310"
"2018-06-01 00:00:00","jquery","4512"
"2018-06-01 00:00:00","php","8596"
"2018-06-01 00:00:00","python","16905"
"2018-07-01 00:00:00","android","9651"
"2018-07-01 00:00:00","c#","9496"
"2018-07-01 00:00:00","c++","3951"
"2018-07-01 00:00:00","html","7235"
"2018-07-01 00:00:00","ios","3901"
"2018-07-01 00:00:00","java","11873"
"2018-07-01 00:00:00","javascript","17927"
"2018-07-01 00:00:00","jquery","4660"
"2018-07-01 00:00:00","php","8728"
"2018-07-01 00:00:00","python","18020"
"2018-08-01 00:00:00","android","9841"
"2018-08-01 00:00:00","c#","10055"
"2018-08-01 00:00:00","c++","4084"
"2018-08-01 00:00:00","html","7248"
"2018-08-01 00:00:00","ios","4151"
"2018-08-01 00:00:00","java","12065"
"2018-08-01 00:00:00","javascript","19016"
"2018-08-01 00:00:00","jquery","4994"
"2018-08-01 00:00:00","php","9080"
"2018-08-01 00:00:00","python","18679"
"2018-09-01 00:00:00","android","10079"
"2018-09-01 00:00:00","c#","9376"
"2018-09-01 00:00:00","c++","4013"
"2018-09-01 00:00:00","html","6826"
"2018-09-01 00:00:00","ios","4017"
"2018-09-01 00:00:00","java","12291"
"2018-09-01 00:00:00","javascript","18041"
"2018-09-01 00:00:00","jquery","4529"
"2018-09-01 00:00:00","php","8705"
"2018-09-01 00:00:00","python","17768"
"2018-10-01 00:00:00","android","10642"
"2018-10-01 00:00:00","c#","10423"
"2018-10-01 00:00:00","c++","4651"
"2018-10-01 00:00:00","html","7478"
"2018-10-01 00:00:00","ios","4126"
"2018-10-01 00:00:00","java","14462"
"2018-10-01 00:00:00","javascript","19696"
"2018-10-01 00:00:00","jquery","4754"
"2018-10-01 00:00:00","php","9317"
"2018-10-01 00:00:00","python","20287"
"2018-11-01 00:00:00","android","9765"
"2018-11-01 00:00:00","c#","9530"
"2018-11-01 00:00:00","c++","4715"
"2018-11-01 00:00:00","html","6733"
"2018-11-01 00:00:00","ios","3661"
"2018-11-01 00:00:00","java","13556"
"2018-11-01 00:00:00","javascript","18395"
"2018-11-01 00:00:00","jquery","4329"
"2018-11-01 00:00:00","php","8307"
"2018-11-01 00:00:00","python","20257"
"2018-12-01 00:00:00","android","8638"
"2018-12-01 00:00:00","c#","8460"
"2018-12-01 00:00:00","c++","3893"
"2018-12-01 00:00:00","html","6168"
"2018-12-01 00:00:00","ios","3393"
"2018-12-01 00:00:00","java","12072"
"2018-12-01 00:00:00","javascript","16165"
"2018-12-01 00:00:00","jquery","3720"
"2018-12-01 00:00:00","php","7194"
"2018-12-01 00:00:00","python","17702"
"2019-01-01 00:00:00","android","9265"
"2019-01-01 00:00:00","c#","9835"
"2019-01-01 00:00:00","c++","4234"
"2019-01-01 00:00:00","html","6836"
"2019-01-01 00:00:00","ios","3478"
"2019-01-01 00:00:00","java","12821"
"2019-01-01 00:00:00","javascript","18082"
"2019-01-01 00:00:00","jquery","4137"
"2019-01-01 00:00:00","php","8331"
"2019-01-01 00:00:00","python","19019"
"2019-02-01 00:00:00","android","9009"
"2019-02-01 00:00:00","c#","9497"
"2019-02-01 00:00:00","c++","4072"
"2019-02-01 00:00:00","html","6746"
"2019-02-01 00:00:00","ios","3216"
"2019-02-01 00:00:00","java","12702"
"2019-02-01 00:00:00","javascript","17829"
"2019-02-01 00:00:00","jquery","3919"
"2019-02-01 00:00:00","php","8432"
"2019-02-01 00:00:00","python","19719"
"2019-03-01 00:00:00","android","9878"
"2019-03-01 00:00:00","c#","10121"
"2019-03-01 00:00:00","c++","4892"
"2019-03-01 00:00:00","html","7733"
"2019-03-01 00:00:00","ios","3476"
"2019-03-01 00:00:00","java","14148"
"2019-03-01 00:00:00","javascript","19700"
"2019-03-01 00:00:00","jquery","4314"
"2019-03-01 00:00:00","php","9048"
"2019-03-01 00:00:00","python","22620"
"2019-04-01 00:00:00","android","9025"
"2019-04-01 00:00:00","c#","10455"
"2019-04-01 00:00:00","c++","4912"
"2019-04-01 00:00:00","html","7048"
"2019-04-01 00:00:00","ios","3403"
"2019-04-01 00:00:00","java","13303"
"2019-04-01 00:00:00","javascript","18526"
"2019-04-01 00:00:00","jquery","4139"
"2019-04-01 00:00:00","php","8495"
"2019-04-01 00:00:00","python","22503"
"2019-05-01 00:00:00","android","9015"
"2019-05-01 00:00:00","c#","10325"
"2019-05-01 00:00:00","c++","4585"
"2019-05-01 00:00:00","html","7196"
"2019-05-01 00:00:00","ios","3413"
"2019-05-01 00:00:00","java","13263"
"2019-05-01 00:00:00","javascript","18495"
"2019-05-01 00:00:00","jquery","3903"
"2019-05-01 00:00:00","php","8259"
"2019-05-01 00:00:00","python","21772"
"2019-06-01 00:00:00","android","8633"
"2019-06-01 00:00:00","c#","8701"
"2019-06-01 00:00:00","c++","4020"
"2019-06-01 00:00:00","html","6788"
"2019-06-01 00:00:00","ios","3125"
"2019-06-01 00:00:00","java","11393"
"2019-06-01 00:00:00","javascript","17000"
"2019-06-01 00:00:00","jquery","3389"
"2019-06-01 00:00:00","php","7089"
"2019-06-01 00:00:00","python","20077"
"2019-07-01 00:00:00","android","10375"
"2019-07-01 00:00:00","c#","10148"
"2019-07-01 00:00:00","c++","4892"
"2019-07-01 00:00:00","html","8106"
"2019-07-01 00:00:00","ios","3495"
"2019-07-01 00:00:00","java","13383"
"2019-07-01 00:00:00","javascript","19405"
"2019-07-01 00:00:00","jquery","4129"
"2019-07-01 00:00:00","php","8429"
"2019-07-01 00:00:00","python","23483"
"2019-08-01 00:00:00","android","5262"
"2019-08-01 00:00:00","c#","5679"
"2019-08-01 00:00:00","c++","2460"
"2019-08-01 00:00:00","html","4397"
"2019-08-01 00:00:00","ios","1820"
"2019-08-01 00:00:00","java","7089"
"2019-08-01 00:00:00","javascript","10873"
"2019-08-01 00:00:00","jquery","2119"
"2019-08-01 00:00:00","php","4748"
"2019-08-01 00:00:00","python","13024"