"num_projects","day"
14442,"2014-08-06"
14850,"2014-12-05"
37098,"2015-03-22"
13137,"2013-09-02"
8663,"2012-11-30"
12897,"2013-12-24"
15172,"2014-10-06"
17106,"2014-09-16"
11109,"2014-09-12"
10620,"2014-11-07"
14411,"2014-11-23"
2279,"2011-04-12"
29508,"2015-05-31"
14904,"2014-07-14"
9056,"2013-01-11"
21188,"2014-01-15"
15921,"2014-01-29"
15589,"2014-07-31"
4679,"2012-04-18"
32379,"2015-05-01"
30345,"2016-01-23"
21418,"2015-11-23"
14396,"2013-12-27"
16141,"2013-09-11"
9812,"2013-09-07"
4992,"2012-11-02"
1578,"2011-09-06"
1978,"2011-12-08"
1622,"2011-10-05"
6454,"2013-01-07"
5748,"2012-11-05"
4041,"2012-03-06"
3475,"2012-03-01"
2952,"2012-02-09"
1408,"2011-11-26"
1802,"2011-11-02"
1103,"2011-10-09"
1627,"2011-08-30"
9664,"2014-08-03"
5897,"2013-01-14"
29759,"2015-09-02"
10784,"2014-09-09"
13982,"2014-08-27"
13182,"2014-09-21"
13211,"2014-09-15"
35270,"2015-02-19"
29860,"2015-02-08"
35921,"2015-01-13"
9342,"2013-08-13"
44153,"2015-06-08"
43186,"2015-03-09"
1638,"2011-02-04"
6890,"2012-12-18"
2186,"2011-04-06"
572,"2010-01-29"
25693,"2014-04-08"
13673,"2014-04-20"
38551,"2015-10-19"
14000,"2014-08-04"
12797,"2013-05-27"
1267,"2010-09-28"
38396,"2015-10-29"
41191,"2015-06-23"
26796,"2015-08-21"
5206,"2012-06-28"
12197,"2014-09-20"
16458,"2014-03-15"
12630,"2015-07-18"
14462,"2013-06-20"
3260,"2012-10-21"
8919,"2013-01-18"
36712,"2015-12-02"
37157,"2015-12-15"
13316,"2013-12-26"
5570,"2012-06-19"
9328,"2012-11-08"
23164,"2014-01-21"
38922,"2015-11-19"
44583,"2015-06-17"
23076,"2014-04-07"
14115,"2015-07-12"
6739,"2015-07-04"
17554,"2013-10-10"
9632,"2013-09-01"
13345,"2013-07-18"
1845,"2011-02-24"
11327,"2013-12-28"
9797,"2014-06-08"
20189,"2014-10-21"
14551,"2013-07-26"
4567,"2012-04-17"
47315,"2015-04-21"
6103,"2012-09-23"
10154,"2014-06-14"
55917,"2015-01-21"
14495,"2014-05-22"
12069,"2014-05-18"
5222,"2012-10-30"
8368,"2013-06-30"
6339,"2013-01-15"
10751,"2013-02-08"
44788,"2015-03-20"
14731,"2014-01-27"
25682,"2015-02-14"
3962,"2012-05-28"
9977,"2013-07-13"
10139,"2013-07-14"
15669,"2013-07-15"
14101,"2013-06-28"
8411,"2014-11-09"
6864,"2014-05-17"
17824,"2014-05-19"
26109,"2015-10-17"
14593,"2014-07-08"
15373,"2014-08-19"
13399,"2014-10-25"
9026,"2013-09-17"
17032,"2013-10-14"
10960,"2013-04-12"
15558,"2014-08-13"
2173,"2011-07-22"
1670,"2011-06-26"
2334,"2011-05-10"
2115,"2011-04-14"
2124,"2011-04-05"
38673,"2015-01-06"
721,"2010-06-18"
2825,"2012-04-29"
4814,"2012-05-31"
1756,"2011-11-10"
15461,"2014-07-15"
14273,"2013-09-20"
1714,"2011-12-27"
2316,"2011-05-17"
1581,"2011-09-22"
1515,"2011-01-05"
1754,"2011-10-20"
1649,"2011-06-04"
14375,"2013-05-30"
4439,"2012-04-11"
46323,"2016-02-29"
9816,"2014-08-09"
21174,"2014-04-04"
10335,"2013-03-09"
750,"2010-08-21"
540,"2010-03-13"
14192,"2014-07-18"
4294,"2012-04-05"
17783,"2014-10-30"
28895,"2015-10-03"
651,"2010-08-15"
4102,"2012-03-30"
2081,"2011-12-21"
7677,"2012-08-06"
23819,"2015-09-27"
2133,"2011-03-31"
39459,"2015-03-12"
22689,"2014-04-22"
7430,"2013-04-06"
19760,"2014-01-30"
17848,"2015-11-21"
38769,"2015-11-18"
46514,"2015-04-20"
18210,"2014-10-29"
13286,"2013-06-12"
42057,"2015-03-16"
22286,"2015-11-29"
22071,"2014-02-24"
11854,"2013-04-18"
23782,"2014-02-25"
37818,"2015-12-08"
3679,"2012-02-16"
8331,"2012-07-05"
11425,"2013-10-13"
27796,"2015-08-05"
8214,"2012-12-17"
29485,"2015-10-04"
1346,"2010-12-08"
1696,"2011-10-19"
497,"2009-11-11"
1452,"2011-03-13"
30635,"2015-05-16"
659,"2010-03-17"
23576,"2014-12-13"
1918,"2011-02-16"
41848,"2015-01-27"
817,"2010-06-02"
5375,"2012-06-05"
14457,"2013-05-07"
44278,"2015-02-04"
20351,"2014-04-27"
1393,"2011-01-04"
34343,"2016-02-20"
396,"2009-12-05"
2725,"2012-01-13"
44542,"2015-04-27"
15608,"2014-10-31"
45769,"2016-03-04"
3002,"2012-02-08"
14743,"2013-05-14"
13640,"2013-07-05"
44837,"2015-06-15"
45642,"2015-01-20"
17800,"2013-08-21"
18581,"2013-10-30"
231,"2009-08-01"
2904,"2012-02-25"
3818,"2012-05-01"
197,"2008-12-24"
6730,"2013-01-20"
1258,"2010-10-14"
629,"2010-03-22"
98,"2009-01-01"
11846,"2013-12-14"
3699,"2012-03-05"
4833,"2012-10-04"
49384,"2016-03-03"
4061,"2012-02-22"
38127,"2015-04-03"
37469,"2015-11-24"
361,"2009-07-23"
14770,"2014-06-19"
14356,"2014-06-23"
384,"2009-08-21"
12485,"2013-11-02"
21469,"2014-03-03"
1481,"2011-04-10"
475,"2009-10-12"
321,"2009-09-26"
18694,"2013-12-10"
750,"2010-06-04"
1363,"2011-08-18"
4422,"2012-04-16"
2763,"2012-05-06"
15668,"2013-06-18"
1267,"2011-12-10"
43896,"2015-02-05"
1762,"2011-02-14"
4602,"2012-05-15"
630,"2010-02-17"
1616,"2011-06-05"
1663,"2011-09-29"
5066,"2012-08-12"
1284,"2010-12-17"
2854,"2012-05-27"
2589,"2011-08-03"
14098,"2014-03-08"
12202,"2013-12-15"
1488,"2011-03-06"
1758,"2011-02-01"
1671,"2011-01-21"
1400,"2011-02-20"
321,"2009-07-03"
2102,"2012-01-28"
266,"2009-08-23"
442,"2010-02-13"
403,"2009-05-06"
140,"2008-10-09"
804,"2010-07-02"
1297,"2010-10-20"
1432,"2011-03-20"
669,"2010-03-11"
344,"2009-04-08"
200,"2009-01-10"
362,"2009-05-05"
1308,"2010-10-27"
1184,"2010-11-05"
1024,"2010-10-17"
1710,"2011-07-23"
1325,"2010-11-29"
401,"2009-09-24"
247,"2009-02-09"
527,"2010-05-29"
956,"2010-12-18"
744,"2010-04-06"
278,"2009-02-22"
897,"2010-07-30"
1188,"2010-10-07"
286,"2009-06-26"
328,"2009-07-06"
1645,"2011-01-31"
291,"2009-09-06"
378,"2009-09-02"
351,"2009-11-28"
656,"2010-05-31"
242,"2009-03-14"
262,"2009-06-06"
742,"2010-06-11"
55,"2008-05-07"
1891,"2011-03-15"
444,"2010-02-07"
665,"2010-04-13"
2034,"2011-03-29"
90,"2008-10-12"
971,"2010-08-30"
685,"2010-03-26"
1336,"2010-12-07"
1457,"2011-02-27"
397,"2009-05-07"
587,"2010-07-31"
1227,"2010-10-06"
396,"2009-05-20"
287,"2009-03-01"
459,"2010-01-23"
258,"2009-05-10"
1079,"2010-09-24"
201,"2008-11-18"
255,"2009-03-07"
633,"2010-03-08"
444,"2009-09-22"
289,"2009-08-29"
450,"2009-05-21"
2526,"2011-08-08"
1589,"2011-01-24"
265,"2009-01-11"
549,"2010-02-15"
544,"2009-10-21"
1271,"2010-12-03"
144,"2008-11-28"
47,"2008-06-21"
301,"2009-02-19"
47,"2008-02-28"
263,"2009-01-26"
109,"2008-11-23"
87,"2008-06-18"
72,"2008-07-04"
125,"2008-10-17"
747,"2010-05-24"
290,"2009-09-13"
288,"2009-02-16"
654,"2010-04-02"
503,"2010-01-05"
478,"2009-10-19"
455,"2009-10-29"
242,"2009-05-30"
744,"2010-12-24"
290,"2009-01-21"
69,"2008-08-02"
417,"2009-10-02"
1430,"2011-03-05"
792,"2010-06-01"
52,"2008-05-06"
92,"2008-08-05"
127,"2008-09-24"
29,"2008-03-23"
315,"2009-12-27"
87,"2008-07-08"
267,"2009-01-28"
525,"2010-07-04"
381,"2009-04-02"
358,"2009-07-13"
344,"2009-07-27"
698,"2010-04-08"
241,"2009-06-20"
206,"2008-12-04"
375,"2009-04-23"
78,"2008-09-13"
101,"2008-08-07"
48935,"2016-03-15"
42640,"2016-04-18"
49896,"2016-04-19"
44745,"2016-03-18"
30714,"2016-04-16"
45952,"2016-05-16"
47897,"2016-03-17"
33790,"2016-03-20"
257,"2009-03-28"
47872,"2016-04-26"
426,"2009-09-23"
254,"2009-04-26"
146,"2008-12-13"
101,"2008-05-31"
39245,"2016-06-25"
54580,"2016-07-08"
72618,"2016-08-24"
61284,"2016-06-03"
66464,"2016-06-02"
30583,"2016-07-17"
65181,"2016-06-01"
64827,"2016-08-10"
62847,"2016-06-06"
60983,"2016-07-28"
64340,"2016-05-31"
69275,"2016-09-01"
44164,"2016-08-21"
74135,"2016-08-23"
24,"2008-02-14"
16,"2008-01-12"
178,"2009-01-02"
78,"2008-06-07"
20,"2008-03-24"
28,"2008-03-31"
5,"2008-01-23"
8,"2008-02-19"
6,"2008-01-13"
2,"2008-01-19"
26606,"2014-11-11"
17097,"2014-11-05"
47316,"2015-04-14"
16885,"2014-09-23"
4973,"2012-10-12"
13328,"2014-11-22"
14028,"2014-07-28"
9682,"2013-09-08"
2214,"2012-02-04"
1490,"2011-09-30"
10612,"2013-03-06"
5234,"2012-08-19"
783,"2010-05-12"
14609,"2014-04-15"
18753,"2014-04-18"
5334,"2012-06-07"
4903,"2012-06-08"
2726,"2012-03-25"
9544,"2013-05-21"
15762,"2013-03-12"
38073,"2016-01-06"
15104,"2013-09-09"
5100,"2012-10-29"
5335,"2012-07-10"
4888,"2012-10-22"
5323,"2012-07-20"
3673,"2012-02-29"
3160,"2012-02-02"
2557,"2012-01-27"
16355,"2014-03-16"
18639,"2014-07-24"
10330,"2014-07-20"
4738,"2012-10-03"
21504,"2014-02-21"
43342,"2015-06-01"
15000,"2014-08-12"
2766,"2012-04-07"
26651,"2015-08-28"
17145,"2015-07-17"
43712,"2015-06-11"
11612,"2014-05-04"
10072,"2014-09-04"
36784,"2015-02-16"
36994,"2015-01-15"
11528,"2013-01-30"
1543,"2011-04-16"
27489,"2015-09-03"
14904,"2014-08-11"
20635,"2015-07-09"
18748,"2015-07-16"
2624,"2011-07-19"
17292,"2014-09-17"
1768,"2011-02-07"
10099,"2015-10-11"
27435,"2015-05-10"
21724,"2015-09-13"
29693,"2015-09-25"
19562,"2015-10-09"
12237,"2014-07-27"
12906,"2014-08-08"
10526,"2013-04-02"
26916,"2015-04-05"
31889,"2015-12-23"
35619,"2015-10-15"
16970,"2014-03-31"
16694,"2014-10-13"
44996,"2015-06-30"
8694,"2012-09-17"
9333,"2013-01-21"
2811,"2012-01-19"
2467,"2011-07-15"
3192,"2012-06-23"
37020,"2015-10-14"
31503,"2015-09-18"
37412,"2015-07-02"
13046,"2015-07-11"
14744,"2013-09-13"
8779,"2013-09-16"
15624,"2013-08-08"
18713,"2015-12-25"
9706,"2013-06-23"
14785,"2014-06-05"
8664,"2012-09-11"
9378,"2013-02-16"
19118,"2014-12-25"
38113,"2015-05-29"
22942,"2014-03-11"
28603,"2014-03-13"
12311,"2014-06-02"
123,"2008-10-30"
7537,"2012-08-02"
22122,"2014-03-14"
21592,"2014-02-20"
17556,"2013-07-09"
14154,"2013-06-04"
16594,"2014-10-08"
28841,"2014-12-19"
24447,"2015-12-20"
34762,"2014-12-22"
47077,"2014-12-23"
27157,"2015-07-22"
13532,"2013-05-16"
7935,"2013-07-20"
18160,"2013-10-23"
12179,"2013-10-20"
7522,"2013-06-03"
41396,"2015-03-10"
33296,"2015-07-24"
25823,"2015-08-03"
2197,"2011-04-11"
8308,"2012-08-27"
15732,"2013-10-07"
14615,"2014-06-25"
18949,"2013-10-24"
9233,"2013-08-31"
2441,"2011-07-28"
2544,"2011-07-26"
2122,"2011-07-04"
2307,"2011-07-01"
1421,"2011-04-23"
6093,"2012-10-11"
6676,"2012-11-11"
4017,"2012-11-04"
17688,"2014-01-07"
19190,"2014-01-20"
3757,"2012-07-21"
9037,"2012-08-28"
13725,"2014-08-07"
12017,"2014-11-02"
19264,"2014-02-05"
282,"2009-04-12"
14302,"2013-09-19"
2610,"2011-07-27"
392,"2009-11-21"
18310,"2014-05-26"
27713,"2015-01-31"
16686,"2014-03-22"
10805,"2014-08-23"
32094,"2015-05-17"
29767,"2015-06-13"
29303,"2015-12-29"
3865,"2013-01-06"
2970,"2012-01-25"
13581,"2013-03-13"
5124,"2012-08-05"
2000,"2012-01-21"
912,"2010-12-11"
7943,"2013-04-24"
10464,"2013-04-15"
14546,"2014-05-27"
1488,"2011-12-03"
45670,"2016-02-22"
39297,"2016-01-11"
1094,"2010-09-01"
14299,"2013-07-01"
22664,"2015-09-26"
27232,"2014-12-29"
41213,"2015-06-25"
29461,"2016-02-13"
5454,"2012-07-03"
2853,"2012-03-31"
8833,"2012-11-09"
2169,"2011-04-29"
9275,"2012-11-12"
19916,"2013-11-13"
69,"2008-04-22"
2654,"2011-07-18"
9501,"2012-11-15"
1238,"2010-10-29"
19379,"2013-11-07"
18191,"2013-11-08"
15047,"2014-06-11"
31114,"2015-01-24"
9473,"2014-06-15"
43056,"2015-02-09"
4317,"2012-04-26"
7911,"2012-09-03"
3915,"2012-04-02"
14677,"2013-02-26"
23096,"2014-03-25"
2022,"2011-12-07"
20548,"2014-11-16"
1193,"2011-10-30"
7903,"2012-08-31"
1228,"2010-10-21"
540,"2010-01-13"
41112,"2015-06-05"
41012,"2016-02-12"
1609,"2011-10-03"
41974,"2016-01-26"
11624,"2013-09-28"
10019,"2013-07-28"
26108,"2015-01-10"
32930,"2015-03-21"
27647,"2015-08-13"
6103,"2013-03-25"
32971,"2015-04-11"
31625,"2015-04-18"
14430,"2013-06-06"
2183,"2012-01-02"
1452,"2011-12-18"
15207,"2014-04-06"
42306,"2015-06-24"
10978,"2013-07-07"
18874,"2013-10-29"
14848,"2013-05-06"
1475,"2011-10-07"
4161,"2012-03-22"
868,"2010-07-15"
4504,"2012-06-01"
2905,"2012-05-26"
2100,"2012-03-10"
1634,"2011-05-14"
3919,"2012-10-14"
1010,"2010-07-28"
13107,"2013-11-16"
13261,"2013-11-09"
17525,"2014-02-12"
22260,"2016-01-03"
1690,"2011-10-18"
1111,"2010-09-15"
3853,"2012-02-24"
595,"2010-01-15"
4292,"2012-03-21"
238,"2009-03-22"
363,"2009-09-21"
1430,"2011-04-30"
2520,"2011-07-05"
1523,"2011-02-26"
21791,"2014-02-18"
11618,"2013-08-24"
9727,"2013-04-05"
747,"2010-03-09"
16767,"2013-10-18"
9080,"2013-06-16"
367,"2009-03-25"
41812,"2015-01-29"
7800,"2013-04-07"
1140,"2011-01-22"
911,"2010-08-12"
327,"2009-04-07"
489,"2009-10-22"
336,"2009-08-14"
489,"2009-11-04"
349,"2009-10-11"
12783,"2013-11-24"
4535,"2012-05-11"
1320,"2010-10-28"
222,"2009-02-15"
43176,"2015-05-28"
9615,"2013-05-19"
314,"2009-09-12"
115,"2008-11-02"
1899,"2011-03-01"
1714,"2011-09-27"
21552,"2014-12-31"
2754,"2012-01-20"
429,"2009-08-31"
690,"2010-05-17"
33378,"2016-02-27"
1745,"2011-10-27"
1797,"2011-08-13"
249,"2009-06-28"
649,"2010-02-09"
1248,"2011-04-24"
1983,"2011-03-23"
487,"2010-05-09"
1785,"2011-08-07"
1914,"2011-02-10"
1044,"2011-12-25"
1602,"2011-11-25"
1762,"2011-03-11"
4507,"2013-06-02"
2293,"2011-06-17"
608,"2010-02-02"
747,"2010-04-15"
1502,"2011-09-23"
792,"2010-06-22"
816,"2010-06-08"
1827,"2011-01-12"
1927,"2011-03-17"
1348,"2011-11-19"
226,"2009-05-23"
2458,"2011-07-14"
1139,"2010-09-09"
951,"2011-09-03"
1268,"2011-01-30"
367,"2009-11-22"
941,"2010-12-19"
543,"2009-11-25"
150,"2008-11-06"
2206,"2011-04-07"
803,"2010-06-17"
294,"2009-09-19"
1326,"2010-02-18"
1351,"2010-12-09"
937,"2010-11-27"
240,"2009-08-15"
544,"2010-05-08"
888,"2010-07-21"
630,"2010-04-14"
514,"2010-02-20"
463,"2009-12-29"
768,"2010-05-11"
565,"2010-03-21"
148,"2008-10-14"
1136,"2009-12-07"
847,"2010-08-02"
860,"2010-10-03"
1667,"2011-04-03"
388,"2009-11-29"
544,"2010-04-18"
359,"2009-11-27"
1076,"2010-09-13"
455,"2009-07-22"
1391,"2011-03-19"
670,"2010-02-03"
826,"2010-07-07"
357,"2009-04-15"
863,"2010-09-25"
334,"2009-06-23"
339,"2009-03-10"
9,"2008-01-30"
146,"2008-12-14"
373,"2009-04-20"
360,"2009-06-11"
62,"2008-04-18"
296,"2009-10-31"
326,"2009-04-21"
560,"2010-05-30"
701,"2010-04-09"
78,"2008-04-16"
663,"2010-03-19"
338,"2009-06-01"
322,"2009-03-03"
289,"2009-05-01"
102,"2008-10-26"
1406,"2010-12-14"
45,"2008-04-08"
312,"2009-04-09"
99,"2008-07-23"
63,"2008-04-07"
376,"2009-09-11"
335,"2009-03-24"
653,"2010-02-19"
1281,"2010-11-19"
477,"2009-11-10"
62,"2008-05-09"
846,"2010-06-09"
724,"2010-05-21"
292,"2009-10-17"
228,"2009-03-15"
57,"2008-04-10"
555,"2010-01-12"
57,"2008-04-29"
30779,"2016-05-21"
33282,"2016-03-06"
39450,"2016-05-09"
48627,"2016-03-16"
28966,"2016-03-27"
31529,"2016-05-15"
82,"2008-06-23"
75,"2008-08-04"
366,"2009-10-10"
369,"2009-06-16"
355,"2009-07-31"
247,"2009-07-25"
53,"2008-05-18"
64,"2008-05-23"
68,"2008-07-14"
95,"2008-08-01"
131,"2008-10-02"
238,"2009-08-02"
55,"2008-05-08"
68841,"2016-07-20"
66721,"2016-07-25"
60835,"2016-07-12"
66124,"2016-06-07"
69256,"2016-08-18"
65440,"2016-07-14"
67616,"2016-06-21"
65719,"2016-06-22"
68741,"2016-07-21"
44733,"2016-08-27"
68758,"2016-09-02"
78,"2008-08-15"
79,"2008-03-04"
98,"2008-08-06"
92,"2008-07-15"
66,"2008-05-12"
101,"2008-06-13"
44,"2008-03-12"
31,"2008-03-14"
21,"2008-04-02"
93,"2008-06-04"
69,"2008-06-02"
79,"2008-07-18"
103,"2008-10-19"
16,"2008-02-21"
53,"2008-05-27"
22,"2008-03-07"
30,"2008-03-06"
24,"2008-03-11"
3,"2007-10-29"
17173,"2014-11-24"
18901,"2014-11-10"
14593,"2014-08-18"
16502,"2013-08-29"
3626,"2012-04-06"
1781,"2011-07-10"
11439,"2014-11-30"
27539,"2014-11-17"
44823,"2015-01-19"
18503,"2014-12-03"
13269,"2013-08-30"
15497,"2013-09-05"
11510,"2014-07-04"
2896,"2012-02-07"
1567,"2011-10-10"
4711,"2013-09-15"
43054,"2015-04-10"
3142,"2012-06-24"
8004,"2012-07-13"
6468,"2012-10-10"
14843,"2014-07-25"
22934,"2014-04-23"
22519,"2014-04-16"
3974,"2012-03-26"
11283,"2013-08-25"
4660,"2013-06-01"
8499,"2014-07-05"
44720,"2015-07-01"
16656,"2015-11-27"
42357,"2016-01-29"
10414,"2013-04-28"
11291,"2013-04-11"
14311,"2013-02-28"
33469,"2015-08-16"
9306,"2013-04-04"
4645,"2013-01-12"
2971,"2012-01-11"
2773,"2012-02-10"
1971,"2012-01-08"
1977,"2011-12-22"
2155,"2011-12-20"
2146,"2011-12-13"
1538,"2011-08-23"
17118,"2014-04-13"
21675,"2014-03-28"
35137,"2015-01-05"
24893,"2014-03-18"
1917,"2011-05-02"
4101,"2012-11-23"
5180,"2012-12-21"
2717,"2012-12-25"
43584,"2015-06-10"
28733,"2015-08-27"
18109,"2015-07-10"
15295,"2015-08-31"
5349,"2012-12-26"
14796,"2014-05-02"
13390,"2014-06-30"
7647,"2013-01-27"
18876,"2015-08-29"
43409,"2015-05-04"
1437,"2011-12-04"
3224,"2012-03-13"
11767,"2014-05-30"
11478,"2013-02-14"
5414,"2012-06-13"
14725,"2014-07-09"
19876,"2014-04-21"
2403,"2011-08-05"
2075,"2011-12-14"
14429,"2014-07-07"
24335,"2015-11-01"
39181,"2015-11-04"
14387,"2014-06-03"
20081,"2015-08-22"
22054,"2015-08-23"
15761,"2014-10-17"
15279,"2013-09-27"
10488,"2014-08-17"
35793,"2016-01-08"
32756,"2015-04-25"
2139,"2011-04-21"
3390,"2012-12-24"
9845,"2013-05-05"
4915,"2012-05-25"
2868,"2012-05-20"
35912,"2015-11-20"
37495,"2015-12-10"
35087,"2015-12-11"
4839,"2012-06-29"
13369,"2013-03-22"
10541,"2014-09-27"
40721,"2015-12-03"
22273,"2014-04-03"
19687,"2015-07-13"
16502,"2013-10-11"
18153,"2013-10-15"
2623,"2012-12-23"
13212,"2013-08-12"
27339,"2015-02-01"
30062,"2015-03-29"
15175,"2013-06-25"
9668,"2013-03-16"
13931,"2013-03-21"
14729,"2013-03-19"
4188,"2013-03-24"
40160,"2015-02-02"
1426,"2011-05-01"
13167,"2013-02-21"
17285,"2013-12-18"
27129,"2015-10-24"
17482,"2013-12-12"
14928,"2013-08-02"
10086,"2013-08-10"
45147,"2015-03-18"
325,"2009-07-02"
5852,"2012-09-15"
10581,"2013-03-07"
441,"2009-12-04"
9483,"2013-04-01"
8323,"2013-02-03"
12059,"2013-02-07"
7946,"2013-02-10"
29930,"2015-06-14"
18414,"2013-10-22"
7688,"2012-12-27"
38102,"2015-02-26"
20762,"2015-07-26"
16182,"2015-08-01"
7735,"2014-11-08"
12710,"2014-12-06"
17765,"2014-11-03"
24713,"2014-12-14"
16792,"2014-05-25"
4206,"2012-04-23"
1119,"2011-08-28"
15532,"2013-08-26"
4932,"2012-08-04"
7905,"2012-12-14"
4809,"2012-10-26"
34884,"2015-12-04"
19247,"2013-11-25"
1922,"2011-03-21"
21641,"2014-02-06"
18566,"2014-02-04"
5803,"2012-08-25"
3320,"2012-11-24"
3341,"2012-02-01"
5625,"2012-08-26"
8517,"2012-08-07"
7831,"2012-08-16"
13302,"2014-06-16"
18529,"2014-02-03"
1331,"2011-09-05"
38888,"2016-02-04"
707,"2010-02-22"
23176,"2014-03-26"
480,"2009-12-30"
9238,"2012-09-05"
4506,"2012-03-27"
17087,"2014-10-14"
550,"2009-10-27"
1819,"2011-02-25"
10012,"2013-03-17"
2521,"2011-05-25"
40845,"2016-01-25"
2620,"2011-07-06"
1132,"2011-10-23"
709,"2010-09-11"
3604,"2013-01-05"
3821,"2012-07-07"
9791,"2013-02-17"
15019,"2014-02-23"
2312,"2011-06-03"
33681,"2015-09-29"
553,"2010-07-03"
9980,"2013-07-06"
6658,"2012-11-10"
2011,"2011-12-01"
19334,"2013-11-14"
14729,"2014-03-09"
30264,"2015-02-07"
11387,"2013-02-15"
8728,"2013-06-15"
44238,"2015-02-03"
8598,"2012-09-28"
1633,"2011-01-18"
1380,"2011-12-11"
4053,"2012-05-04"
1646,"2011-05-15"
2790,"2012-02-06"
27455,"2014-11-14"
5623,"2012-05-29"
2575,"2011-07-12"
21349,"2014-11-15"
13138,"2013-11-23"
1111,"2011-12-24"
789,"2010-06-14"
1041,"2011-09-11"
37115,"2015-05-26"
8425,"2012-09-07"
1279,"2010-10-05"
14401,"2013-05-09"
3602,"2012-07-29"
34956,"2015-02-27"
97,"2008-07-28"
1128,"2011-10-15"
5146,"2012-08-11"
2741,"2012-03-04"
3927,"2012-02-21"
2376,"2011-05-19"
4021,"2012-03-19"
6936,"2013-03-30"
1279,"2010-12-16"
1836,"2011-04-22"
824,"2010-05-26"
39337,"2015-10-28"
3460,"2012-07-28"
13366,"2014-01-12"
2425,"2011-05-31"
194,"2008-12-12"
409,"2009-09-16"
10495,"2013-07-27"
30554,"2015-03-07"
2519,"2011-07-20"
1498,"2011-05-21"
16110,"2013-12-20"
1453,"2011-01-20"
1143,"2010-09-21"
193,"2009-01-03"
411,"2009-05-19"
504,"2009-12-22"
298,"2009-12-24"
1313,"2011-03-12"
459,"2009-11-06"
1391,"2010-11-09"
1313,"2011-11-06"
919,"2010-09-03"
1000,"2010-09-10"
188,"2008-11-17"
310,"2009-05-18"
1646,"2011-10-21"
1391,"2011-12-17"
2347,"2011-08-01"
816,"2010-06-15"
250,"2009-01-07"
762,"2010-05-05"
413,"2009-07-29"
1431,"2010-11-23"
327,"2009-10-04"
919,"2010-06-10"
435,"2009-09-09"
712,"2010-02-24"
558,"2010-01-28"
1047,"2010-10-11"
48462,"2016-03-01"
1661,"2011-09-28"
764,"2010-05-19"
485,"2010-04-10"
1707,"2011-07-30"
330,"2010-01-01"
310,"2009-05-25"
340,"2009-03-26"
1147,"2011-10-29"
917,"2010-09-06"
969,"2010-08-03"
411,"2009-09-28"
79,"2008-05-13"
580,"2010-01-18"
1005,"2011-01-08"
256,"2009-01-30"
704,"2010-06-25"
434,"2009-12-28"
414,"2010-01-09"
1017,"2010-07-22"
479,"2009-12-14"
341,"2009-07-14"
179,"2008-11-19"
322,"2009-06-24"
537,"2010-05-02"
1838,"2011-01-07"
315,"2009-03-13"
313,"2009-03-16"
1041,"2011-10-01"
322,"2009-06-22"
28,"2008-03-10"
348,"2008-11-14"
494,"2009-10-06"
182,"2008-12-22"
272,"2009-01-14"
549,"2010-05-15"
472,"2009-06-09"
574,"2009-12-09"
343,"2009-05-15"
394,"2009-02-24"
510,"2009-12-11"
177,"2008-11-25"
44,"2008-04-27"
133,"2008-10-07"
97,"2008-08-12"
502,"2009-10-28"
129,"2008-09-12"
308,"2009-03-27"
70,"2008-05-16"
189,"2008-12-02"
96,"2008-08-18"
577,"2010-07-10"
240,"2009-01-22"
119,"2008-09-04"
360,"2009-08-05"
213,"2009-06-14"
375,"2009-08-07"
251,"2009-01-16"
995,"2010-10-24"
61,"2008-07-26"
220,"2009-06-27"
1032,"2010-08-19"
636,"2010-01-26"
460,"2009-11-02"
125,"2008-10-31"
269,"2009-03-18"
410,"2009-07-30"
143,"2008-10-29"
292,"2009-02-17"
325,"2009-07-16"
24,"2008-03-20"
196,"2009-01-24"
186,"2009-01-25"
337,"2009-03-04"
218,"2009-12-25"
132,"2008-10-01"
529,"2010-06-26"
48954,"2016-03-30"
32489,"2016-04-03"
47392,"2016-03-22"
46692,"2016-04-21"
49595,"2016-03-09"
46558,"2016-04-25"
30491,"2016-03-26"
54,"2008-07-06"
98,"2008-10-03"
292,"2009-02-05"
30677,"2016-04-10"
328,"2009-06-08"
305,"2009-06-18"
361,"2009-07-09"
451,"2009-10-13"
390,"2009-08-18"
192,"2009-01-31"
338,"2009-04-28"
104,"2008-08-19"
66,"2008-06-01"
36,"2008-03-05"
64478,"2016-08-09"
66907,"2016-06-14"
41134,"2016-07-30"
64481,"2016-07-22"
64655,"2016-08-15"
35604,"2016-07-09"
65493,"2016-06-15"
69181,"2016-08-31"
61481,"2016-05-27"
65587,"2016-06-29"
44809,"2016-08-20"
65324,"2016-08-17"
66627,"2016-06-23"
64,"2008-04-17"
55,"2008-08-03"
11,"2008-01-29"
48,"2008-04-05"
41,"2008-04-26"
47,"2008-04-03"
19,"2008-03-15"
18,"2008-03-03"
5,"2008-01-28"
9,"2008-01-27"
1,"2008-01-16"
17832,"2014-10-24"
25126,"2014-12-11"
5259,"2012-10-17"
5531,"2012-07-24"
10885,"2014-10-11"
11369,"2014-10-12"
11895,"2014-11-06"
35797,"2015-10-22"
13892,"2014-07-03"
64136,"2015-01-22"
6101,"2012-12-02"
1888,"2011-02-28"
7865,"2012-08-17"
1906,"2011-03-10"
15487,"2014-09-19"
9235,"2014-07-06"
8867,"2014-06-28"
14251,"2013-04-29"
2596,"2011-07-29"
991,"2010-08-18"
8572,"2012-08-21"
33098,"2015-11-30"
24364,"2015-12-24"
11742,"2014-01-04"
19065,"2014-01-17"
2976,"2012-03-12"
2336,"2012-02-05"
2719,"2012-01-06"
2105,"2011-11-23"
2005,"2011-11-16"
1729,"2011-10-26"
1121,"2011-10-22"
1074,"2011-10-02"
1563,"2011-09-16"
1549,"2011-09-13"
2360,"2011-08-12"
3134,"2012-12-31"
35875,"2015-06-22"
8914,"2013-05-23"
9299,"2013-05-25"
29532,"2015-09-01"
42820,"2016-01-20"
40681,"2016-01-14"
11081,"2013-11-30"
40963,"2015-10-08"
11394,"2013-01-24"
6939,"2013-01-16"
11286,"2013-01-29"
11148,"2013-01-23"
5963,"2012-11-27"
40716,"2015-11-03"
17741,"2013-10-09"
18365,"2015-08-30"
32401,"2015-09-10"
38212,"2015-04-02"
5297,"2012-10-18"
47736,"2015-03-25"
45900,"2015-04-23"
4053,"2012-04-27"
33589,"2015-10-13"
10320,"2014-07-13"
218,"2009-07-04"
16734,"2014-10-16"
48317,"2015-08-17"
5205,"2012-06-27"
49869,"2016-03-02"
15819,"2014-09-22"
21655,"2014-03-10"
22320,"2015-09-19"
2014,"2011-03-28"
11009,"2015-11-22"
30473,"2015-03-28"
21733,"2015-09-06"
38579,"2015-10-20"
20531,"2015-11-26"
5462,"2012-06-25"
1937,"2011-03-08"
37816,"2015-11-05"
299,"2009-03-05"
20891,"2015-07-07"
24053,"2014-04-09"
28461,"2015-12-30"
43613,"2016-02-01"
14667,"2013-08-09"
16146,"2013-07-30"
10394,"2013-08-03"
14445,"2013-08-16"
5039,"2012-12-30"
46576,"2015-03-19"
14403,"2014-08-14"
45005,"2015-04-28"
17398,"2013-12-04"
13327,"2013-02-22"
3333,"2012-06-02"
3716,"2012-07-22"
29212,"2015-06-21"
256,"2009-01-29"
1675,"2011-12-23"
17124,"2013-07-17"
12169,"2013-02-06"
9855,"2013-01-08"
17046,"2014-10-07"
15993,"2014-09-25"
19202,"2014-05-20"
10180,"2014-10-05"
8326,"2013-07-21"
27931,"2015-03-01"
38182,"2015-10-26"
35410,"2015-10-21"
13901,"2014-02-09"
18526,"2013-10-17"
14342,"2013-06-17"
2619,"2011-06-22"
5080,"2012-10-31"
16407,"2013-12-13"
9531,"2013-05-18"
44501,"2015-05-18"
14124,"2014-01-18"
43073,"2015-06-29"
602,"2010-01-14"
22009,"2014-05-12"
20085,"2014-02-07"
3793,"2012-03-16"
362,"2009-07-07"
6467,"2013-09-14"
13892,"2013-09-18"
11357,"2013-09-21"
426,"2009-10-30"
28161,"2015-10-25"
26991,"2015-11-07"
33672,"2015-02-22"
20081,"2014-12-28"
14318,"2014-06-12"
2391,"2011-05-24"
460,"2010-01-31"
14476,"2014-08-22"
1707,"2010-12-13"
1741,"2011-07-16"
840,"2010-06-29"
4458,"2012-03-20"
1913,"2011-12-09"
929,"2010-06-30"
10917,"2013-04-09"
26505,"2015-08-06"
130,"2008-10-27"
29636,"2015-03-08"
18518,"2014-10-20"
37068,"2015-12-14"
33418,"2015-09-30"
7088,"2012-11-20"
38790,"2015-01-08"
4526,"2012-05-03"
2397,"2011-06-20"
15983,"2013-09-23"
12868,"2013-12-31"
18843,"2014-02-11"
9430,"2012-11-13"
8238,"2012-10-02"
15159,"2014-01-02"
11329,"2013-12-07"
3100,"2012-01-17"
20206,"2013-11-04"
4570,"2013-01-13"
3300,"2012-04-21"
925,"2010-10-16"
5526,"2012-06-26"
2783,"2011-06-23"
10166,"2013-03-05"
3416,"2012-06-03"
7878,"2012-12-07"
419,"2009-09-08"
20560,"2014-01-23"
41151,"2015-02-06"
31859,"2015-04-19"
718,"2010-06-28"
21107,"2014-02-19"
2013,"2011-12-02"
2475,"2012-01-03"
12743,"2013-06-10"
2785,"2012-01-26"
25580,"2015-08-14"
13923,"2013-03-01"
23510,"2014-03-27"
17145,"2013-08-22"
15186,"2013-10-03"
229,"2009-04-11"
2554,"2011-06-15"
14304,"2014-06-18"
10046,"2013-05-04"
25002,"2015-08-07"
4419,"2012-04-12"
4596,"2012-05-08"
4541,"2012-06-15"
4679,"2012-05-21"
16217,"2013-07-24"
373,"2008-12-19"
377,"2009-03-12"
4419,"2012-03-28"
2204,"2011-04-20"
2342,"2011-05-11"
2533,"2012-04-08"
1594,"2011-10-04"
17168,"2013-12-09"
1870,"2011-02-09"
1891,"2011-11-28"
13801,"2013-05-10"
26798,"2016-01-16"
1321,"2010-11-22"
2523,"2011-07-13"
1907,"2011-02-23"
8533,"2012-09-12"
5848,"2012-09-16"
300,"2009-09-27"
2037,"2011-03-24"
699,"2010-03-25"
1276,"2010-12-21"
1379,"2011-11-27"
4508,"2012-04-10"
81,"2008-06-12"
5263,"2012-08-18"
372,"2009-07-15"
1105,"2010-10-08"
15909,"2014-03-23"
2743,"2012-04-01"
4221,"2012-04-03"
231,"2009-06-21"
2314,"2011-05-04"
1985,"2011-11-29"
883,"2010-08-04"
1454,"2011-08-25"
27962,"2016-02-07"
9325,"2014-06-29"
4304,"2012-05-18"
1139,"2010-11-01"
13012,"2013-11-10"
904,"2010-10-31"
852,"2010-08-13"
1879,"2011-03-14"
745,"2010-04-19"
16,"2008-03-17"
610,"2010-02-16"
1292,"2011-11-12"
80,"2008-09-06"
47876,"2016-02-23"
519,"2010-04-24"
1800,"2011-11-04"
1197,"2011-01-15"
1673,"2011-01-25"
529,"2010-06-06"
1914,"2012-01-07"
1132,"2010-10-15"
599,"2010-01-21"
967,"2010-07-29"
373,"2009-04-30"
674,"2010-12-26"
352,"2009-04-24"
2166,"2011-04-19"
1303,"2011-12-26"
1147,"2010-11-26"
750,"2010-04-20"
380,"2009-12-06"
430,"2009-09-01"
394,"2009-12-12"
699,"2010-06-21"
1855,"2011-03-18"
709,"2010-03-02"
1526,"2011-01-14"
996,"2010-11-20"
1571,"2011-05-29"
1402,"2010-09-16"
331,"2009-10-03"
492,"2009-10-14"
1723,"2011-09-20"
524,"2009-12-08"
538,"2010-02-06"
179,"2008-11-13"
227,"2009-02-08"
109,"2008-07-03"
1002,"2010-11-13"
850,"2010-07-26"
1872,"2011-03-16"
467,"2009-10-09"
412,"2009-08-24"
520,"2009-11-17"
503,"2009-11-05"
481,"2010-05-16"
1673,"2011-08-14"
807,"2010-07-16"
60,"2008-08-23"
400,"2009-08-27"
493,"2010-01-16"
455,"2009-10-05"
385,"2009-07-17"
475,"2009-09-30"
93,"2008-08-24"
532,"2010-05-23"
1081,"2010-09-23"
339,"2009-12-31"
411,"2009-08-25"
292,"2009-02-13"
707,"2010-03-18"
197,"2008-12-20"
49,"2008-04-28"
103,"2008-11-29"
135,"2008-09-17"
498,"2009-11-13"
1645,"2011-07-03"
70,"2008-06-03"
57,"2008-08-10"
316,"2009-05-04"
570,"2010-01-27"
383,"2010-01-02"
431,"2009-09-03"
747,"2010-03-16"
156,"2008-11-21"
292,"2009-08-08"
318,"2009-06-29"
253,"2009-02-21"
406,"2009-09-04"
123,"2008-12-27"
346,"2009-02-26"
196,"2009-07-11"
284,"2009-08-22"
254,"2009-05-24"
716,"2010-04-30"
531,"2010-06-13"
286,"2009-03-19"
81,"2008-07-01"
44857,"2016-04-13"
29917,"2016-04-09"
32824,"2016-04-24"
43283,"2016-04-22"
46948,"2016-05-25"
43672,"2016-05-20"
30921,"2016-05-14"
252555,"2016-05-01"
30131,"2016-04-17"
77,"2008-06-16"
92,"2008-09-20"
124,"2008-09-23"
113,"2008-10-20"
43202,"2016-04-07"
341,"2009-08-04"
28410,"2016-05-08"
528,"2009-11-03"
172,"2008-12-31"
125,"2008-12-26"
56,"2008-07-20"
106,"2008-09-19"
60,"2008-09-28"
78,"2008-05-15"
101,"2008-10-11"
111,"2008-11-27"
63640,"2016-06-13"
20744,"2016-07-05"
38902,"2016-07-23"
42889,"2016-08-13"
56104,"2016-07-13"
59440,"2016-06-17"
72628,"2016-08-25"
67902,"2016-08-30"
47992,"2016-06-12"
41724,"2016-08-14"
67709,"2016-08-03"
71020,"2016-08-22"
32723,"2016-09-05"
46,"2008-07-05"
98,"2008-07-25"
125,"2008-12-28"
90,"2008-09-08"
23,"2008-03-09"
88,"2008-05-21"
98,"2008-07-09"
97,"2008-06-05"
200,"2009-01-18"
6,"2008-01-31"
17,"2008-03-16"
18,"2008-02-26"
10,"2008-02-17"
12,"2008-02-20"
3,"2008-02-08"
3,"2008-01-25"
8512,"2013-06-29"
10325,"2014-10-04"
13280,"2014-11-28"
13925,"2013-09-03"
21440,"2014-04-02"
46529,"2015-04-15"
10743,"2014-11-29"
16963,"2014-12-01"
15328,"2014-07-17"
43647,"2015-02-10"
39358,"2015-04-06"
1831,"2011-02-11"
44386,"2016-01-27"
12066,"2013-04-23"
7130,"2013-04-25"
3059,"2012-02-03"
9345,"2012-11-14"
437,"2009-08-19"
3512,"2012-11-25"
14950,"2014-07-10"
9553,"2012-09-27"
31885,"2016-01-30"
41626,"2016-01-28"
11563,"2013-04-22"
7475,"2013-04-14"
20186,"2014-04-30"
16560,"2014-05-01"
2527,"2011-06-14"
7667,"2013-01-26"
2053,"2011-04-15"
5798,"2012-07-18"
8469,"2012-12-03"
1990,"2011-12-16"
2058,"2011-11-22"
1590,"2011-10-31"
1579,"2011-09-26"
1643,"2011-09-15"
2360,"2011-06-30"
10501,"2014-07-26"
9116,"2014-08-02"
124,"2008-09-29"
27934,"2015-08-24"
19360,"2015-12-26"
8031,"2014-09-14"
11998,"2014-08-29"
12431,"2014-08-26"
10399,"2014-09-03"
10224,"2014-08-25"
31500,"2015-01-12"
10788,"2013-01-28"
1195,"2010-10-13"
14041,"2013-10-04"
31878,"2015-09-08"
19605,"2015-07-14"
20469,"2015-07-08"
7453,"2015-07-05"
14531,"2014-06-04"
3615,"2012-02-15"
328,"2009-03-09"
973,"2010-08-16"
3855,"2012-03-08"
23601,"2014-05-13"
3247,"2012-06-09"
41109,"2015-03-27"
25514,"2014-03-12"
9353,"2013-05-26"
13587,"2014-05-10"
10010,"2014-07-19"
14556,"2014-09-26"
5651,"2012-10-09"
32829,"2015-09-21"
10013,"2013-02-23"
3267,"2012-10-13"
8513,"2012-12-13"
8672,"2013-02-02"
45158,"2015-03-23"
31205,"2015-12-18"
39993,"2015-02-21"
8519,"2013-06-22"
2211,"2012-01-29"
12244,"2015-07-31"
15118,"2014-10-01"
1225,"2010-09-22"
5005,"2012-05-22"
15293,"2013-07-31"
48399,"2015-04-08"
16170,"2013-08-01"
28950,"2015-12-28"
11677,"2013-02-25"
8704,"2012-09-20"
18388,"2013-12-17"
13280,"2014-06-13"
2513,"2011-06-11"
9740,"2013-08-04"
9131,"2012-09-18"
5939,"2012-09-22"
13562,"2013-03-20"
2899,"2012-01-12"
13262,"2014-06-06"
13921,"2014-05-21"
773,"2010-07-09"
9272,"2012-09-25"
5402,"2012-10-16"
4510,"2012-11-22"
10740,"2014-09-28"
15783,"2014-10-02"
25353,"2015-07-30"
31561,"2014-12-18"
31948,"2015-05-23"
26775,"2015-07-20"
13645,"2013-07-04"
788,"2010-08-06"
8759,"2013-07-19"
3155,"2012-10-07"
39885,"2015-10-27"
37690,"2015-11-02"
36113,"2015-11-09"
26777,"2015-07-28"
16412,"2015-08-02"
30251,"2015-02-28"
12339,"2014-12-07"
21505,"2014-01-22"
11145,"2012-08-23"
15967,"2014-02-22"
17600,"2013-10-25"
2656,"2011-08-02"
2328,"2011-06-09"
4694,"2012-10-08"
22753,"2015-12-27"
15549,"2014-03-02"
33706,"2015-05-24"
5102,"2012-10-25"
1729,"2011-10-17"
45821,"2015-04-09"
40129,"2015-06-26"
3882,"2012-03-14"
23396,"2014-05-14"
19585,"2014-10-22"
14056,"2013-06-13"
15794,"2013-09-24"
1436,"2011-09-12"
1364,"2011-08-29"
1639,"2011-11-03"
13609,"2013-06-14"
19450,"2014-01-24"
1518,"2011-01-10"
658,"2010-07-25"
566,"2010-01-07"
4832,"2012-05-30"
32226,"2015-04-12"
302,"2009-02-04"
13428,"2014-06-27"
36459,"2015-02-24"
22944,"2014-04-24"
7640,"2013-04-21"
1621,"2011-10-11"
14654,"2013-03-04"
32851,"2015-03-14"
18471,"2013-10-28"
5149,"2012-06-04"
45397,"2015-05-27"
40461,"2015-03-30"
47362,"2015-05-05"
1752,"2011-06-12"
15505,"2013-07-02"
13726,"2014-05-23"
29,"2008-03-27"
10381,"2013-08-11"
10130,"2013-03-10"
9288,"2014-01-01"
1743,"2011-10-25"
1014,"2010-12-27"
9246,"2013-08-18"
11695,"2013-02-12"
5070,"2012-10-23"
2458,"2011-06-24"
6367,"2012-09-29"
5769,"2012-09-30"
9025,"2012-09-06"
1692,"2011-06-18"
5555,"2012-09-02"
1103,"2011-09-24"
2362,"2011-04-28"
2815,"2012-01-30"
1295,"2011-02-06"
1818,"2011-12-28"
14688,"2014-01-25"
22560,"2015-12-31"
35681,"2015-01-09"
12595,"2013-10-19"
41467,"2015-02-25"
37205,"2016-01-15"
40762,"2016-01-13"
1387,"2011-11-13"
23369,"2015-12-19"
16259,"2013-10-01"
17587,"2015-08-09"
3821,"2012-03-15"
803,"2010-07-13"
5837,"2012-12-29"
256,"2009-06-07"
1380,"2011-02-19"
2830,"2012-03-03"
354,"2009-11-08"
8638,"2012-09-10"
13394,"2014-05-28"
5398,"2012-07-25"
588,"2010-08-08"
11948,"2014-10-18"
1621,"2011-01-27"
1593,"2011-07-09"
14735,"2013-02-27"
4013,"2012-04-04"
10221,"2013-03-03"
260,"2009-04-04"
18916,"2014-01-09"
46318,"2015-05-06"
4199,"2012-02-28"
718,"2010-06-16"
364,"2009-04-06"
12844,"2013-06-11"
37704,"2015-11-11"
1914,"2011-11-21"
8160,"2012-09-14"
500,"2010-01-04"
233,"2009-02-28"
40824,"2016-02-26"
15757,"2014-03-01"
1639,"2011-01-26"
15043,"2013-03-08"
46716,"2016-02-18"
1760,"2011-11-24"
715,"2010-04-27"
4364,"2012-04-25"
1322,"2010-12-15"
39741,"2015-05-08"
21015,"2014-12-26"
1836,"2011-03-04"
373,"2009-05-28"
853,"2010-07-06"
1812,"2011-03-03"
1062,"2010-11-06"
1560,"2011-04-17"
539,"2010-02-01"
1437,"2011-02-13"
521,"2010-03-27"
1267,"2010-11-12"
1041,"2011-01-09"
1939,"2011-03-25"
828,"2010-10-10"
486,"2009-10-23"
498,"2010-06-19"
304,"2009-02-20"
1109,"2011-08-21"
925,"2010-08-11"
1143,"2010-09-20"
373,"2009-05-12"
46350,"2016-02-24"
1393,"2011-02-12"
479,"2009-12-17"
1688,"2011-09-07"
719,"2010-08-28"
497,"2010-05-01"
1367,"2010-11-08"
412,"2010-04-04"
510,"2010-03-14"
46,"2008-03-08"
1175,"2011-09-25"
329,"2009-02-02"
296,"2009-04-19"
369,"2009-06-04"
317,"2009-05-11"
385,"2009-09-17"
322,"2009-03-02"
1328,"2010-12-02"
499,"2009-12-16"
114,"2008-09-16"
679,"2010-04-01"
823,"2010-10-02"
967,"2010-08-26"
773,"2010-05-06"
77,"2008-06-27"
1040,"2011-08-20"
684,"2011-01-01"
581,"2010-03-28"
699,"2010-02-11"
1636,"2011-05-28"
317,"2009-02-12"
728,"2010-04-29"
561,"2009-12-02"
198,"2009-08-16"
235,"2008-10-21"
374,"2009-05-29"
306,"2009-02-11"
794,"2010-04-22"
269,"2009-05-17"
63,"2008-05-01"
156,"2008-12-07"
584,"2010-02-04"
406,"2009-01-09"
333,"2009-08-03"
325,"2009-07-10"
39,"2008-04-19"
70,"2008-05-02"
152,"2008-11-05"
147,"2008-10-15"
363,"2009-06-03"
750,"2010-09-12"
42,"2008-04-23"
65,"2008-06-09"
558,"2010-02-21"
451,"2009-12-18"
517,"2010-03-06"
293,"2009-03-23"
261,"2009-07-19"
113,"2008-09-10"
380,"2009-08-17"
73,"2008-08-30"
382,"2009-07-08"
61,"2008-06-15"
211,"2009-01-06"
471,"2009-08-26"
171,"2008-11-20"
496,"2010-01-11"
89,"2008-11-01"
205,"2008-12-05"
435,"2009-12-13"
115,"2008-09-22"
48528,"2016-05-19"
46979,"2016-03-29"
46250,"2016-04-06"
45668,"2016-04-04"
48125,"2016-04-27"
28520,"2016-05-07"
112,"2008-10-10"
186,"2008-11-24"
185,"2008-12-08"
239,"2009-01-19"
49614,"2016-05-18"
44699,"2016-04-11"
47603,"2016-03-21"
434,"2009-11-18"
56,"2008-05-28"
128,"2008-08-26"
162,"2008-10-22"
39119,"2016-08-07"
63816,"2016-08-08"
60611,"2016-08-11"
67726,"2016-08-01"
41792,"2016-06-04"
66173,"2016-06-16"
67319,"2016-08-16"
68046,"2016-07-26"
193,"2009-07-05"
30,"2008-04-01"
143,"2008-09-09"
19,"2008-02-02"
72,"2008-04-15"
74,"2008-07-19"
3,"2008-02-04"
67,"2008-07-21"
42,"2008-03-01"
14,"2008-02-09"
48,"2008-05-17"
28,"2008-03-18"
10,"2008-02-16"
17,"2008-01-14"
8,"2008-02-24"
17672,"2014-11-25"
28088,"2014-11-19"
16868,"2014-11-26"
28114,"2014-11-12"
18071,"2014-10-28"
14407,"2014-11-27"
23923,"2014-11-20"
23943,"2015-01-02"
41922,"2015-05-12"
28224,"2015-05-30"
41383,"2015-03-13"
18172,"2014-11-21"
8058,"2014-09-01"
17435,"2014-12-09"
7740,"2014-05-03"
5650,"2012-12-09"
2015,"2011-05-06"
2588,"2011-08-16"
6838,"2012-11-17"
2046,"2011-12-19"
42256,"2015-05-13"
14228,"2013-06-27"
16013,"2014-07-29"
16696,"2014-09-18"
915,"2011-01-02"
12325,"2014-05-15"
12974,"2014-07-01"
10296,"2013-01-22"
16750,"2013-12-06"
10099,"2013-04-03"
7658,"2013-04-13"
22408,"2014-04-29"
14410,"2013-09-06"
16295,"2013-09-10"
2179,"2011-04-27"
968,"2010-08-25"
5554,"2012-07-12"
6175,"2012-07-17"
15071,"2013-05-08"
38628,"2015-05-25"
4845,"2012-11-26"
2188,"2011-05-05"
3521,"2012-03-02"
2968,"2012-01-24"
1762,"2012-01-22"
1947,"2011-11-15"
1751,"2011-09-21"
1034,"2011-09-10"
24787,"2015-01-04"
4778,"2012-12-19"
43741,"2016-02-10"
2870,"2012-12-22"
41520,"2016-01-12"
28489,"2015-08-20"
37943,"2016-02-05"
19657,"2014-05-08"
9345,"2014-09-05"
5963,"2014-08-31"
11520,"2014-09-11"
1797,"2011-11-18"
36260,"2015-01-14"
6647,"2012-11-06"
32245,"2015-09-09"
16140,"2013-09-12"
20527,"2013-11-19"
25584,"2015-09-04"
27799,"2015-09-07"
35738,"2015-09-17"
2715,"2012-01-10"
18004,"2013-12-03"
26939,"2015-05-09"
3376,"2012-06-10"
4873,"2012-06-06"
15206,"2014-01-03"
10143,"2014-04-19"
14527,"2013-08-15"
15332,"2014-08-20"
10237,"2014-09-02"
11391,"2014-09-10"
11917,"2014-08-24"
22403,"2014-03-24"
5129,"2012-10-15"
43924,"2015-02-12"
35833,"2015-12-01"
15797,"2014-10-09"
1188,"2010-09-27"
5475,"2012-06-21"
4862,"2012-06-22"
3624,"2012-06-30"
13245,"2013-06-24"
10206,"2015-10-10"
1038,"2011-10-08"
10538,"2013-08-17"
19772,"2013-11-21"
35547,"2015-12-09"
14482,"2013-08-05"
15542,"2013-08-07"
48789,"2016-02-16"
12279,"2014-05-29"
16226,"2014-09-30"
13484,"2013-02-20"
8468,"2012-09-21"
124,"2008-10-06"
12141,"2013-10-27"
9,"2008-02-15"
42846,"2015-04-24"
365,"2009-06-12"
38918,"2015-06-19"
26189,"2015-06-20"
40703,"2015-03-06"
17641,"2013-08-27"
28840,"2015-08-26"
9646,"2014-06-07"
20347,"2014-12-20"
8764,"2012-09-24"
8665,"2012-08-22"
11063,"2013-02-04"
9451,"2013-02-24"
41155,"2015-03-03"
43739,"2015-05-21"
46350,"2015-05-20"
93,"2008-10-08"
23994,"2014-12-21"
34543,"2015-11-10"
17495,"2014-12-04"
16107,"2013-07-22"
16564,"2013-07-16"
30784,"2015-07-23"
19164,"2013-11-18"
1558,"2011-10-24"
2679,"2012-01-05"
6208,"2012-07-06"
3334,"2012-05-12"
2384,"2011-07-11"
47375,"2015-06-02"
2398,"2011-07-25"
2369,"2011-06-16"
2448,"2011-06-01"
1527,"2011-05-07"
3225,"2012-10-20"
7162,"2012-12-01"
8214,"2012-11-29"
26442,"2015-11-15"
2526,"2011-06-29"
42502,"2015-04-17"
13162,"2014-01-11"
13799,"2014-01-19"
20799,"2014-01-14"
14196,"2014-06-17"
10158,"2014-07-12"
15007,"2014-06-24"
17514,"2013-08-28"
2903,"2012-03-24"
22693,"2014-03-06"
26958,"2015-05-03"
15424,"2014-05-11"
15082,"2014-08-21"
23851,"2014-03-20"
14717,"2013-05-29"
21122,"2015-09-12"
7135,"2013-03-31"
8753,"2014-05-31"
5334,"2012-05-24"
1478,"2011-08-19"
31640,"2015-09-28"
474,"2009-11-26"
18284,"2013-11-22"
37952,"2015-02-23"
10791,"2013-03-14"
1982,"2012-02-11"
8357,"2012-08-08"
316,"2009-04-14"
4239,"2012-04-13"
12411,"2013-05-01"
116,"2008-09-26"
26383,"2015-08-10"
6480,"2013-01-03"
2128,"2011-05-13"
676,"2010-07-05"
13893,"2013-06-26"
364,"2009-06-17"
19077,"2013-11-11"
19850,"2013-11-12"
25785,"2015-07-27"
22902,"2014-03-21"
18272,"2014-01-10"
13937,"2013-05-03"
1245,"2010-09-29"
1399,"2010-11-24"
26008,"2015-12-13"
14507,"2013-11-29"
10866,"2013-12-01"
3452,"2012-07-01"
6627,"2012-07-04"
11795,"2013-09-22"
498,"2010-04-03"
17994,"2013-08-19"
8729,"2012-08-29"
1344,"2010-10-25"
2716,"2012-01-16"
29498,"2015-06-07"
117,"2008-11-15"
2402,"2012-02-12"
714,"2010-05-14"
40115,"2015-01-26"
5727,"2012-09-01"
24623,"2014-03-05"
28428,"2015-02-15"
39606,"2016-01-22"
556,"2010-04-25"
1268,"2011-12-31"
1734,"2011-11-11"
2059,"2012-01-14"
47527,"2015-03-24"
35623,"2016-01-04"
1671,"2011-06-19"
522,"2009-11-19"
1710,"2011-09-08"
23585,"2015-12-06"
300,"2009-02-23"
40917,"2015-06-12"
16936,"2015-08-08"
28125,"2015-08-12"
3605,"2012-04-09"
5293,"2012-05-10"
3934,"2012-03-23"
293,"2009-04-10"
1846,"2011-02-15"
6141,"2012-09-08"
6107,"2012-09-09"
19898,"2014-02-10"
842,"2010-10-23"
16706,"2016-01-01"
20604,"2016-01-02"
371,"2009-07-20"
5852,"2012-07-31"
23505,"2014-03-04"
4070,"2012-05-07"
4104,"2012-07-15"
181,"2008-12-21"
3861,"2012-04-30"
1673,"2011-09-14"
89,"2008-05-29"
1736,"2011-11-07"
15557,"2013-11-01"
20308,"2014-02-17"
10959,"2014-06-21"
921,"2010-08-05"
109,"2008-10-18"
757,"2010-05-18"
46113,"2015-05-07"
746,"2010-04-28"
2998,"2012-06-17"
2002,"2011-03-07"
4600,"2012-05-16"
1476,"2011-03-26"
792,"2010-06-24"
1047,"2010-11-21"
614,"2010-11-14"
373,"2009-11-15"
637,"2010-08-14"
1224,"2011-11-05"
397,"2009-09-14"
177,"2008-12-01"
1456,"2010-11-30"
736,"2010-04-12"
82,"2008-08-17"
1705,"2011-02-02"
488,"2010-01-10"
132,"2008-11-04"
82,"2008-05-05"
907,"2010-12-05"
2095,"2011-12-06"
5114,"2013-01-02"
569,"2010-08-01"
312,"2009-10-24"
1003,"2010-11-07"
627,"2010-01-19"
2502,"2011-07-07"
2441,"2011-05-26"
1672,"2011-06-25"
397,"2009-08-20"
505,"2010-01-08"
1476,"2011-05-08"
626,"2010-05-03"
1695,"2011-07-24"
1482,"2011-10-06"
512,"2009-11-12"
2547,"2011-08-09"
547,"2010-06-05"
756,"2010-05-25"
448,"2009-10-15"
637,"2010-03-15"
158,"2009-01-04"
351,"2009-02-25"
445,"2009-09-15"
939,"2010-08-23"
83,"2008-05-22"
1291,"2010-10-26"
665,"2010-03-24"
1388,"2010-11-18"
852,"2010-07-20"
473,"2010-01-30"
643,"2010-08-07"
146,"2008-10-13"
42,"2008-05-24"
516,"2010-04-17"
312,"2009-06-19"
243,"2009-01-05"
336,"2009-04-25"
1364,"2010-12-01"
2273,"2011-05-16"
836,"2010-12-31"
262,"2009-02-06"
341,"2009-04-29"
537,"2010-05-22"
712,"2010-04-23"
599,"2010-06-12"
211,"2008-12-29"
267,"2009-05-03"
10,"2008-01-18"
70,"2008-05-30"
234,"2008-12-09"
245,"2009-01-08"
122,"2008-08-21"
416,"2009-10-16"
179,"2008-11-07"
505,"2010-07-17"
73,"2008-07-11"
737,"2010-05-27"
50,"2008-07-12"
656,"2010-05-28"
981,"2010-11-28"
487,"2009-10-20"
417,"2009-09-18"
62,"2008-07-27"
357,"2009-12-19"
71,"2008-04-25"
113,"2008-11-30"
86,"2008-04-14"
617,"2010-03-01"
243,"2009-01-23"
196,"2008-12-30"
94,"2008-06-20"
317,"2009-06-30"
401,"2009-05-13"
372,"2009-07-28"
416,"2009-09-10"
123,"2008-11-16"
22,"2008-03-26"
857,"2010-07-14"
118,"2008-08-22"
45645,"2016-05-03"
48384,"2016-05-24"
32076,"2016-04-02"
48209,"2016-03-10"
44491,"2016-04-29"
41342,"2016-03-25"
44894,"2016-05-04"
42219,"2016-05-11"
29114,"2016-04-30"
48936,"2016-05-17"
98,"2008-07-31"
168,"2008-10-28"
473,"2009-11-09"
626,"2010-02-26"
190,"2009-01-17"
115,"2008-09-18"
347,"2009-06-05"
46,"2008-05-03"
68,"2008-06-10"
123,"2008-11-08"
80,"2008-05-14"
36982,"2016-08-06"
52450,"2016-06-10"
38649,"2016-06-26"
39078,"2016-07-02"
57294,"2016-07-29"
61037,"2016-07-11"
68448,"2016-07-19"
25886,"2016-07-16"
39258,"2016-06-19"
61428,"2016-06-08"
64262,"2016-06-20"
41446,"2016-07-24"
52485,"2016-07-04"
65192,"2016-07-07"
57379,"2016-06-09"
85,"2008-06-17"
60,"2008-04-04"
75,"2008-06-19"
99,"2008-08-11"
47,"2008-05-04"
96,"2008-06-24"
62,"2008-04-21"
106,"2008-07-22"
90,"2008-09-07"
144,"2008-11-22"
56,"2008-04-13"
25,"2008-03-25"
91,"2008-06-11"
31,"2008-03-28"
36,"2008-07-13"
3,"2008-01-24"
13,"2008-02-25"
3,"2008-02-10"
2,"2008-01-21"
9,"2008-02-06"
2,"2008-01-22"
28482,"2014-11-18"
18880,"2014-10-23"
17464,"2014-10-27"
5453,"2012-12-08"
3041,"2012-06-16"
1305,"2010-11-04"
210,"2009-02-01"
15457,"2013-09-04"
2039,"2011-03-22"
15611,"2014-07-23"
42251,"2015-04-01"
5555,"2012-06-12"
27656,"2015-08-11"
13348,"2014-07-11"
13001,"2014-08-01"
19180,"2014-04-14"
47063,"2015-04-07"
28851,"2015-06-27"
10318,"2014-05-24"
15822,"2014-07-22"
10666,"2013-05-22"
45806,"2015-10-05"
2959,"2012-04-14"
18406,"2014-05-05"
30090,"2015-08-19"
5244,"2012-10-24"
1194,"2011-01-03"
472,"2009-11-20"
5390,"2012-07-30"
1720,"2011-11-01"
4678,"2013-01-04"
7796,"2012-08-20"
5280,"2012-07-11"
4063,"2012-02-27"
5767,"2012-07-19"
3011,"2012-04-28"
8379,"2012-12-10"
8822,"2012-12-11"
7874,"2012-12-04"
1829,"2011-12-29"
1383,"2011-11-20"
4898,"2012-07-27"
14381,"2014-06-26"
8334,"2013-03-23"
27466,"2016-01-17"
27805,"2015-08-04"
13552,"2015-07-06"
21882,"2015-09-20"
17935,"2014-05-06"
19045,"2014-05-07"
18381,"2014-05-09"
36860,"2015-10-07"
40588,"2015-10-06"
8720,"2013-01-25"
11235,"2013-01-31"
10613,"2013-02-01"
17000,"2014-04-12"
40375,"2016-01-18"
1917,"2011-02-21"
42926,"2015-05-14"
33413,"2015-09-14"
35340,"2015-09-15"
4874,"2012-06-11"
3256,"2012-01-31"
24838,"2014-04-10"
22594,"2014-04-25"
16800,"2015-10-12"
17978,"2013-12-05"
15511,"2014-08-05"
14402,"2013-05-15"
17772,"2013-12-19"
41884,"2015-01-28"
2223,"2011-05-09"
17098,"2013-07-23"
14823,"2014-03-29"
15467,"2015-07-19"
14918,"2015-07-03"
32957,"2015-09-23"
32964,"2016-02-21"
18670,"2015-09-05"
2999,"2012-01-18"
5324,"2012-06-20"
12256,"2013-03-27"
26119,"2015-10-18"
2228,"2011-04-13"
34447,"2014-12-16"
35969,"2015-01-16"
32284,"2015-09-24"
9032,"2012-09-04"
13194,"2014-03-30"
20985,"2014-04-01"
44785,"2015-06-04"
4762,"2012-10-05"
12433,"2013-10-12"
44764,"2015-03-31"
15001,"2013-08-06"
45588,"2016-02-11"
141,"2008-11-03"
348,"2009-02-18"
42935,"2015-06-18"
33549,"2015-12-07"
13186,"2014-06-09"
8914,"2012-09-19"
45472,"2015-06-16"
12555,"2013-02-18"
9760,"2012-09-26"
8027,"2013-02-09"
38500,"2015-03-11"
16692,"2014-10-15"
41253,"2015-01-23"
16728,"2013-07-11"
13636,"2013-07-12"
18240,"2013-11-15"
8468,"2012-10-01"
47805,"2015-05-19"
43774,"2015-06-09"
27001,"2015-07-21"
15274,"2013-07-03"
18097,"2013-10-21"
38124,"2015-11-16"
32174,"2014-12-12"
28303,"2014-11-13"
7976,"2012-08-24"
17069,"2014-12-10"
38462,"2015-02-17"
7034,"2013-04-26"
2425,"2011-06-27"
2374,"2011-06-07"
2312,"2011-04-26"
2036,"2011-04-18"
29896,"2014-12-24"
4688,"2012-05-09"
579,"2010-07-24"
34321,"2015-10-02"
43599,"2016-02-15"
16823,"2013-09-25"
16781,"2013-09-26"
1644,"2011-10-13"
2441,"2011-08-15"
5745,"2012-12-15"
1513,"2011-09-09"
41118,"2015-05-15"
37490,"2015-01-07"
22425,"2014-03-17"
14698,"2013-05-28"
30377,"2016-02-14"
13274,"2014-08-15"
1344,"2010-11-17"
266,"2009-05-16"
29201,"2016-02-06"
18104,"2014-01-31"
5656,"2012-11-21"
10573,"2013-01-09"
297,"2009-02-03"
4331,"2012-04-20"
13404,"2013-03-18"
2814,"2012-02-19"
2016,"2012-01-15"
3797,"2012-11-03"
13714,"2013-04-30"
46336,"2016-02-25"
14691,"2014-01-26"
35269,"2016-02-28"
33484,"2015-10-16"
16041,"2014-02-08"
13515,"2014-02-01"
27019,"2016-01-10"
26064,"2016-01-09"
14084,"2014-06-20"
34909,"2015-01-25"
2117,"2011-12-15"
352,"2009-04-01"
14321,"2013-05-02"
24032,"2015-01-11"
1007,"2010-10-30"
571,"2010-01-06"
10829,"2013-04-08"
17514,"2013-12-16"
18418,"2014-01-08"
34378,"2014-12-15"
11565,"2013-02-13"
7319,"2012-12-28"
24168,"2015-10-31"
22486,"2014-04-11"
3416,"2012-02-13"
1486,"2011-01-17"
1750,"2011-07-17"
39006,"2015-02-13"
749,"2010-06-07"
1469,"2011-09-02"
1759,"2011-12-30"
35735,"2015-04-26"
2380,"2011-07-08"
1434,"2011-09-01"
43768,"2015-04-29"
10089,"2013-06-09"
2057,"2012-03-11"
781,"2010-05-20"
37905,"2016-01-05"
1707,"2011-09-19"
7856,"2012-08-09"
1612,"2010-11-15"
1865,"2011-04-25"
2642,"2011-08-04"
5284,"2012-07-26"
13357,"2013-11-17"
15821,"2015-01-01"
9056,"2012-11-16"
451,"2009-10-01"
11743,"2014-01-05"
19241,"2013-11-05"
38684,"2015-03-04"
1711,"2011-11-14"
1545,"2011-01-11"
6801,"2013-01-19"
1856,"2011-02-08"
1836,"2011-11-09"
327,"2009-04-16"
11642,"2014-11-01"
19302,"2013-11-26"
3032,"2012-04-15"
14106,"2013-03-11"
3579,"2012-03-09"
485,"2009-11-30"
1010,"2011-08-27"
9434,"2013-05-11"
294,"2009-04-13"
12458,"2014-02-16"
12012,"2014-06-22"
2092,"2011-03-30"
7862,"2013-04-20"
20147,"2014-01-13"
499,"2009-12-03"
38179,"2015-01-30"
1614,"2011-02-03"
1697,"2011-01-13"
7611,"2012-08-13"
36120,"2015-03-15"
2352,"2011-07-21"
7785,"2012-08-15"
833,"2010-09-18"
41662,"2015-04-30"
1216,"2010-10-01"
2269,"2011-06-06"
1032,"2011-09-04"
344,"2009-08-10"
1615,"2011-07-02"
1483,"2011-08-31"
656,"2009-12-10"
647,"2010-09-05"
1758,"2011-07-31"
2207,"2011-06-10"
303,"2009-06-13"
1815,"2011-02-17"
760,"2010-09-04"
1649,"2011-01-28"
596,"2010-05-10"
1527,"2011-10-14"
1287,"2010-12-22"
368,"2009-08-12"
997,"2010-03-04"
1181,"2010-10-22"
270,"2009-02-07"
763,"2010-09-19"
2097,"2011-04-04"
1111,"2010-09-14"
445,"2010-07-11"
2167,"2011-05-03"
629,"2010-01-20"
695,"2010-05-13"
1247,"2011-02-05"
1857,"2011-11-08"
2281,"2011-05-12"
747,"2010-03-30"
3577,"2012-10-28"
510,"2010-06-27"
1188,"2010-12-29"
823,"2010-10-09"
733,"2010-08-29"
1293,"2010-11-10"
261,"2009-05-31"
220,"2009-07-26"
608,"2010-01-22"
315,"2009-01-15"
1035,"2010-08-17"
460,"2009-11-16"
90,"2008-07-29"
953,"2010-08-20"
1376,"2011-01-06"
1451,"2011-08-22"
770,"2010-03-03"
102,"2008-11-09"
761,"2010-02-23"
247,"2009-05-02"
520,"2010-04-11"
581,"2010-12-25"
287,"2009-08-09"
1249,"2010-12-20"
739,"2010-06-23"
626,"2010-02-08"
249,"2009-01-12"
2566,"2010-10-19"
536,"2009-12-15"
772,"2010-03-31"
1072,"2010-12-04"
894,"2010-12-12"
350,"2009-06-15"
655,"2010-05-04"
1235,"2010-11-25"
642,"2010-03-10"
533,"2010-06-20"
458,"2009-10-07"
581,"2010-07-18"
312,"2009-11-07"
630,"2010-03-05"
337,"2009-11-01"
936,"2010-08-10"
183,"2008-11-12"
574,"2010-02-05"
713,"2010-02-25"
386,"2009-05-26"
290,"2009-04-27"
726,"2010-04-26"
766,"2010-03-23"
1311,"2010-12-06"
136,"2008-08-25"
381,"2009-09-25"
316,"2009-08-30"
102,"2008-08-20"
636,"2010-08-22"
389,"2009-04-22"
343,"2009-07-01"
645,"2010-05-07"
283,"2009-07-18"
32,"2008-03-02"
99,"2008-06-25"
279,"2009-02-10"
51,"2008-05-26"
68,"2008-08-16"
108,"2008-04-11"
511,"2009-11-23"
256,"2009-05-09"
401,"2009-03-31"
1314,"2010-11-03"
299,"2009-04-03"
62,"2008-05-20"
290,"2009-03-06"
292,"2008-12-18"
137,"2008-12-06"
2981,"2010-10-18"
384,"2009-12-20"
114,"2008-07-24"
52,"2008-04-09"
815,"2010-07-23"
378,"2009-05-14"
101,"2008-09-01"
125,"2008-09-30"
678,"2010-03-07"
250,"2009-03-21"
232,"2008-12-11"
45794,"2016-05-23"
43011,"2016-05-12"
41481,"2016-05-13"
47523,"2016-03-07"
42802,"2016-04-14"
40587,"2016-04-08"
43735,"2016-03-11"
33368,"2016-03-13"
45104,"2016-03-24"
14,"2008-02-11"
49028,"2016-04-20"
40412,"2016-05-06"
40251,"2016-04-15"
48491,"2016-04-05"
145,"2008-08-27"
107,"2008-08-28"
84,"2008-09-14"
119,"2008-10-16"
247,"2008-12-16"
201,"2008-12-23"
32955,"2016-03-19"
32392,"2016-04-23"
32855,"2016-03-12"
252,"2009-03-29"
455,"2010-02-14"
177,"2008-10-24"
108,"2008-08-08"
211,"2009-02-14"
470,"2010-02-27"
70,"2008-06-30"
57327,"2016-08-05"
43144,"2016-07-31"
35896,"2016-07-10"
11446,"2016-07-15"
59910,"2016-05-30"
67279,"2016-07-27"
62227,"2016-07-18"
40921,"2016-05-28"
64997,"2016-08-19"
40270,"2016-05-29"
70732,"2016-08-02"
33965,"2016-07-03"
61338,"2016-07-06"
67847,"2016-06-28"
55152,"2016-05-26"
46059,"2016-08-28"
45495,"2016-09-03"
57403,"2016-06-24"
84,"2008-07-07"
41,"2008-04-24"
112,"2008-09-15"
56,"2008-05-10"
60,"2008-02-29"
103,"2008-08-13"
33,"2008-03-19"
70,"2008-06-29"
76,"2008-06-06"
14,"2008-03-30"
5,"2008-02-13"
52,"2008-06-22"
21,"2008-03-13"
6,"2008-01-15"
9,"2008-02-03"
4,"2008-02-07"
1,"2008-02-05"
1,"2008-01-17"
2,"2008-02-12"
18369,"2014-11-04"
13361,"2014-08-28"
16438,"2014-07-16"
5572,"2012-07-23"
21365,"2015-01-03"
14241,"2014-07-21"
17941,"2014-12-02"
15826,"2014-09-29"
12920,"2014-07-02"
3855,"2012-03-07"
4748,"2012-10-19"
7066,"2013-04-27"
6996,"2012-11-07"
47767,"2015-04-22"
10540,"2013-01-10"
14798,"2013-12-30"
42393,"2015-02-11"
37462,"2015-05-11"
16229,"2014-09-24"
20723,"2014-01-16"
9055,"2014-05-16"
18405,"2014-04-17"
2028,"2011-02-22"
21698,"2014-04-28"
24279,"2014-02-26"
34774,"2015-08-15"
31786,"2015-08-18"
6243,"2012-11-28"
1294,"2010-09-30"
4960,"2012-07-02"
5013,"2012-07-09"
6330,"2012-11-18"
828,"2010-07-19"
6389,"2012-08-01"
1727,"2011-10-28"
1663,"2011-10-12"
2733,"2011-08-10"
13717,"2014-02-02"
6534,"2014-09-07"
17057,"2014-12-08"
28204,"2015-06-28"
9773,"2013-05-24"
37139,"2016-01-07"
10075,"2014-09-08"
6564,"2014-09-06"
7808,"2014-08-30"
46012,"2015-04-16"
34292,"2015-02-20"
17454,"2013-10-08"
29799,"2015-09-11"
34256,"2015-10-23"
19597,"2015-07-15"
9176,"2012-07-14"
1541,"2011-01-19"
874,"2010-06-03"
26391,"2015-07-29"
33449,"2015-09-22"
5081,"2012-06-14"
21927,"2014-02-28"
16603,"2014-07-30"
14403,"2014-10-10"
893,"2010-07-27"
2110,"2011-05-30"
32379,"2015-12-22"
15178,"2013-12-23"
13355,"2013-06-21"
18250,"2013-10-16"
10495,"2013-10-06"
8238,"2014-09-13"
36411,"2015-12-16"
33064,"2015-09-16"
14976,"2013-06-19"
10966,"2013-04-19"
1031,"2010-09-17"
43549,"2016-01-19"
32071,"2016-01-31"
17027,"2015-11-25"
21388,"2015-11-28"
17463,"2014-01-06"
10499,"2013-12-25"
4756,"2012-06-18"
4364,"2012-03-29"
4408,"2012-05-02"
14043,"2013-05-13"
35995,"2015-11-06"
28751,"2015-01-18"
28657,"2015-01-17"
12455,"2014-10-19"
35395,"2015-10-30"
11179,"2013-02-11"
4491,"2012-04-19"
10356,"2013-10-05"
789,"2010-04-07"
38694,"2015-11-12"
16392,"2013-08-14"
164,"2008-11-10"
10399,"2013-03-26"
13327,"2013-02-19"
26243,"2015-12-12"
11243,"2013-12-22"
14563,"2014-06-10"
528,"2009-11-24"
3020,"2012-04-22"
8612,"2012-08-30"
3137,"2012-05-13"
2665,"2012-01-09"
9582,"2014-08-16"
1048,"2011-09-17"
26881,"2015-05-02"
5637,"2012-07-16"
20241,"2014-03-07"
9241,"2014-01-28"
18829,"2013-07-10"
11970,"2013-02-05"
4453,"2012-04-24"
14417,"2014-10-03"
24541,"2014-03-19"
44460,"2015-05-22"
33042,"2014-12-17"
35837,"2015-11-13"
16390,"2013-07-08"
26132,"2015-11-14"
38804,"2015-11-17"
7989,"2013-05-31"
29023,"2015-08-25"
45422,"2016-02-09"
1715,"2011-04-09"
45907,"2016-02-02"
19492,"2014-12-27"
46546,"2015-06-03"
12503,"2013-09-29"
2611,"2011-06-21"
2035,"2011-04-01"
7153,"2012-08-03"
5430,"2012-11-01"
8016,"2012-12-05"
8833,"2012-12-12"
1210,"2011-01-23"
3548,"2012-02-14"
11426,"2013-04-16"
30836,"2016-01-24"
5012,"2012-05-23"
286,"2009-03-20"
17532,"2013-12-11"
8590,"2012-12-06"
27629,"2014-12-30"
16096,"2013-07-25"
14018,"2013-06-05"
14976,"2014-10-26"
2134,"2011-04-08"
42650,"2016-01-21"
10247,"2014-08-10"
8452,"2013-01-17"
730,"2010-02-10"
1250,"2010-10-12"
2353,"2011-05-18"
13385,"2013-03-15"
8549,"2012-08-14"
41433,"2015-03-02"
2506,"2012-01-23"
20873,"2014-02-13"
11772,"2013-04-17"
11120,"2013-04-10"
3426,"2012-10-27"
45247,"2016-02-03"
24109,"2015-07-25"
4586,"2012-05-17"
15773,"2013-11-28"
98,"2008-09-21"
173,"2008-10-23"
10298,"2013-03-28"
15307,"2014-04-05"
10717,"2013-03-02"
28197,"2015-04-04"
17301,"2013-12-02"
10845,"2013-12-29"
61,"2008-04-12"
15403,"2013-07-29"
32820,"2015-10-01"
17294,"2013-08-20"
1751,"2011-08-17"
4775,"2012-12-20"
11581,"2013-12-08"
84,"2008-07-17"
20328,"2013-11-06"
8499,"2014-06-01"
7784,"2012-11-19"
8912,"2012-09-13"
3054,"2012-07-08"
6378,"2012-08-10"
5433,"2012-12-16"
320,"2009-03-11"
107,"2008-07-10"
3539,"2012-02-17"
2672,"2012-02-18"
3559,"2012-02-20"
1178,"2011-01-16"
30504,"2015-06-06"
37911,"2015-02-18"
18196,"2013-10-31"
286,"2009-09-05"
41554,"2015-03-05"
14036,"2013-06-07"
1277,"2012-01-01"
1130,"2011-09-18"
2740,"2012-01-04"
1920,"2011-12-12"
10055,"2013-06-08"
27243,"2015-11-08"
2894,"2012-02-26"
23291,"2015-12-05"
18372,"2013-11-27"
34507,"2015-12-17"
10898,"2013-10-26"
1173,"2010-10-04"
17641,"2014-04-26"
16206,"2013-08-23"
16805,"2013-09-30"
14984,"2013-10-02"
2847,"2012-03-17"
1412,"2010-11-16"
18238,"2014-02-14"
2062,"2011-11-30"
670,"2010-03-12"
19713,"2013-11-20"
1587,"2011-05-22"
44483,"2015-03-26"
1993,"2011-12-05"
12101,"2014-02-15"
32339,"2015-12-21"
3058,"2012-10-06"
25027,"2014-02-27"
663,"2010-04-16"
1268,"2010-11-11"
2204,"2011-05-20"
45124,"2015-04-13"
48111,"2016-02-17"
341,"2009-04-17"
3014,"2012-05-19"
9527,"2013-03-29"
1499,"2011-08-24"
9292,"2013-05-12"
845,"2010-09-26"
44660,"2015-03-17"
11025,"2013-12-21"
2919,"2012-05-05"
4542,"2012-05-14"
1858,"2011-08-06"
307,"2009-04-18"
13301,"2013-05-17"
13289,"2013-05-20"
1132,"2010-12-30"
4212,"2012-02-23"
1878,"2011-11-17"
12970,"2013-11-03"
1572,"2011-03-27"
2424,"2011-06-08"
1317,"2010-11-02"
2693,"2011-06-28"
1623,"2011-04-02"
2827,"2012-03-18"
1408,"2011-08-26"
1058,"2010-08-31"
868,"2010-07-01"
339,"2009-06-02"
237,"2009-01-20"
2317,"2011-05-27"
317,"2009-05-22"
170,"2008-11-11"
515,"2010-03-20"
2511,"2013-01-01"
1236,"2011-01-29"
566,"2010-02-12"
233,"2009-04-05"
972,"2010-09-07"
2328,"2011-06-13"
300,"2009-03-30"
2424,"2011-06-02"
1412,"2010-12-23"
1909,"2011-03-09"
614,"2010-04-05"
1253,"2010-12-10"
1866,"2011-02-18"
1856,"2011-03-02"
420,"2009-07-24"
2204,"2011-05-23"
716,"2010-03-29"
983,"2010-09-02"
37869,"2016-02-08"
1094,"2011-10-16"
413,"2009-12-21"
865,"2010-08-09"
946,"2010-08-27"
799,"2010-04-21"
279,"2008-12-17"
43736,"2016-02-19"
588,"2010-01-25"
364,"2009-08-13"
515,"2010-01-17"
87,"2008-10-05"
147,"2008-09-05"
2814,"2011-08-11"
775,"2010-07-08"
330,"2009-02-27"
938,"2010-08-24"
327,"2009-10-25"
788,"2010-07-12"
1188,"2010-12-28"
478,"2009-10-26"
224,"2009-03-08"
56,"2008-05-11"
28,"2008-04-06"
63,"2008-06-08"
368,"2009-10-18"
158,"2008-11-26"
487,"2009-12-01"
273,"2009-12-26"
432,"2009-12-23"
226,"2009-07-12"
390,"2009-08-28"
99,"2008-08-14"
5,"2008-02-18"
393,"2009-08-11"
118,"2008-09-25"
71,"2008-07-16"
406,"2009-07-21"
371,"2009-05-08"
254,"2009-09-20"
638,"2010-02-28"
72,"2008-09-27"
65,"2008-07-02"
74,"2008-04-30"
490,"2010-01-24"
279,"2009-03-17"
73,"2008-08-09"
106,"2008-12-25"
111,"2008-10-25"
104,"2008-07-30"
380,"2009-06-25"
454,"2009-09-29"
414,"2009-05-27"
31,"2008-02-27"
375,"2009-08-06"
143,"2008-09-11"
63,"2008-06-14"
266,"2009-01-27"
181,"2008-12-15"
410,"2009-11-14"
1002,"2010-09-08"
408,"2009-09-07"
448,"2009-10-08"
30986,"2016-05-22"
34701,"2016-03-05"
48628,"2016-03-14"
46252,"2016-04-12"
47136,"2016-03-23"
43913,"2016-03-28"
44081,"2016-04-01"
48417,"2016-04-28"
48680,"2016-03-08"
42790,"2016-05-10"
42673,"2016-05-05"
42439,"2016-05-02"
143,"2008-09-03"
196,"2008-12-10"
266,"2009-01-13"
349,"2009-06-10"
47389,"2016-03-31"
455,"2010-01-03"
212,"2008-12-03"
46,"2008-06-28"
96,"2008-08-31"
114,"2008-09-02"
61496,"2016-08-04"
41347,"2016-08-12"
60353,"2016-07-01"
39169,"2016-06-11"
66031,"2016-06-30"
64387,"2016-06-27"
66965,"2016-08-26"
40986,"2016-06-05"
71960,"2016-08-29"
39927,"2016-06-18"
46955,"2016-09-04"
53,"2008-05-25"
100,"2008-08-29"
102,"2008-06-26"
11,"2008-02-22"
40,"2008-03-21"
76,"2008-10-04"
10,"2008-03-29"
76,"2008-05-19"
61,"2008-04-20"
20,"2008-02-23"
23,"2008-03-22"
7,"2008-02-01"
